category,topic
AI & Innovation,3D AI Segmentation
AI & Innovation,AAID Oral Examinations
AI & Innovation,AI Technology
AI & Innovation,AI in Dentistry
AI & Innovation,AI in Risk Management
AI & Innovation,Airway Management
AI & Innovation,Airway and Smile Integration
AI & Innovation,Current Trends in AI Integration
AI & Innovation,Dental AI Technology
AI & Innovation,Emergency Airway Management
AI & Innovation,Emergency Airway Simulation
AI & Innovation,Interdisciplinary Airway Management
AI & Innovation,Kaiser Permanente Clinical Standards
AI & Innovation,Rondah AI
AI & Innovation,Technology/AI
Anesthesia & Sedation,Ambulatory Anesthesia
Anesthesia & Sedation,Anesthesia
Anesthesia & Sedation,Anesthesia Assistance
Anesthesia & Sedation,Anesthesia Education
Anesthesia & Sedation,Anesthesia Protocols
Anesthesia & Sedation,Anesthesia Training
Anesthesia & Sedation,Modern Sedation Techniques
Anesthesia & Sedation,OSA Management
Anesthesia & Sedation,Obstructive Sleep Apnea Surgery
Anesthesia & Sedation,Office-Based Anesthesia
Anesthesia & Sedation,Oral Conscious Sedation
Anesthesia & Sedation,Patient Screening for Sleep Disorders
Anesthesia & Sedation,Pediatric OSA
Anesthesia & Sedation,Safe Sedation Protocols
Anesthesia & Sedation,Sedation
Anesthesia & Sedation,Sedation & Anxiety Management
Anesthesia & Sedation,Sedation Dentistry
Anesthesia & Sedation,Sleep Apnea Practice Growth
Anesthesia & Sedation,Sleep Disorder Treatment
Bone Grafting & Regeneration,Bone Regeneration
Bone Grafting & Regeneration,Guided Bone Regeneration
Bone Grafting & Regeneration,Maxillary Sinus Augmentation
Bone Grafting & Regeneration,Regeneration Procedures
Bone Grafting & Regeneration,Regeneration Therapies
Bone Grafting & Regeneration,Ridge Preservation
Bone Grafting & Regeneration,Tissue Regeneration
Digital Dentistry,3D Printing
Digital Dentistry,3D Printing and Automation
Digital Dentistry,CAD/CAM Technology
Digital Dentistry,Comprehensive Digital Treatment
Digital Dentistry,Digital Dental Technology
Digital Dentistry,Digital Dentistry
Digital Dentistry,Digital Dentistry Advances
Digital Dentistry,Digital Full-Arch Workflows
Digital Dentistry,Digital Innovations in Dentistry
Digital Dentistry,Digital Interdisciplinary Treatment
Digital Dentistry,Digital Lab Management
Digital Dentistry,Digital Lab Services
Digital Dentistry,Digital Lab Technologies
Digital Dentistry,Digital Materials
Digital Dentistry,Digital Orthodontics
Digital Dentistry,Digital Planning
Digital Dentistry,Digital Prosthodontic Materials
Digital Dentistry,Digital Prosthodontics
Digital Dentistry,Digital Smile Design
Digital Dentistry,Digital Software
Digital Dentistry,Digital Technologies
Digital Dentistry,Digital Technology
Digital Dentistry,Digital Technology Validation
Digital Dentistry,Digital Technology in Dentistry
Digital Dentistry,Digital Transformation
Digital Dentistry,Digital Treatment Design
Digital Dentistry,Digital Treatment Planning
Digital Dentistry,Digital Treatment Solutions
Digital Dentistry,Digital Workflow
Digital Dentistry,Digital Workflow Integration
Digital Dentistry,Digital Workflows
Digital Dentistry,General & Digital Dentistry
Digital Dentistry,Intraoral Scanning
Digital Dentistry,Prosthodontics & Digital Dentistry
Digital Dentistry,Prosthodontics in the Digital Age
Education & Training,AAID Courses
Education & Training,AAID Educational Standards
Education & Training,AI in Clinical Practice
Education & Training,Academic Curriculum Development
Education & Training,Academic Education
Education & Training,Academic Mentorship
Education & Training,Access to Care
Education & Training,Advanced Cases
Education & Training,Advanced Ceramic Procedures
Education & Training,Advanced Clinical Applications
Education & Training,Advanced Clinical Techniques
Education & Training,Advanced Dental Ceramics
Education & Training,Advanced Dental Reconstructive Treatment
Education & Training,Advanced Dental Techniques
Education & Training,Advanced Dental Technology
Education & Training,Advanced Preservation Therapy
Education & Training,Advanced Prosthodontic Treatments
Education & Training,Advanced Prosthodontics
Education & Training,Advanced Restorative Dentistry
Education & Training,Advanced Restorative Techniques
Education & Training,Advanced Surgery
Education & Training,Advanced Techniques
Education & Training,Artificial Intelligence in Dentistry
Education & Training,Assessment Standards in Dental Curriculum
Education & Training,Automation Solutions for Dental Practices
Education & Training,Best Practices
Education & Training,Blood Concentrates
Education & Training,Board Certification
Education & Training,Board Certification Preparation
Education & Training,Board Certification in Prosthodontics
Education & Training,Bonding Procedures
Education & Training,Case Acceptance
Education & Training,Celebrity Keynote
Education & Training,Ceramic Systems
Education & Training,Ceramic Technology
Education & Training,Certification Standards
Education & Training,Cervical Contouring
Education & Training,Clinical Dental Education
Education & Training,Clinical Education
Education & Training,Clinical Educational Strategies
Education & Training,Clinical Officer Strategies
Education & Training,Clinical Practice
Education & Training,Cost-Benefit in New Devices
Education & Training,Curriculum Development
Education & Training,Curriculum Innovation
Education & Training,Dental Compliance
Education & Training,Dental Education
Education & Training,Dental Education Legacy
Education & Training,Dental Practice Assessment
Education & Training,Dental Practice Entrepreneurship
Education & Training,Dental Practice Operations
Education & Training,Dental Practice Partnerships
Education & Training,Dental Sales Training
Education & Training,Driving Practice Success
Education & Training,Emergency Preparedness in Dental Practice
Education & Training,Enhanced Patient Communication
Education & Training,Evidence-Based Clinical Decisions
Education & Training,Evidence-Based Dentistry
Education & Training,Evidence-Based Practice
Education & Training,Evidence-Based Restorative Care
Education & Training,Full-Arch Case Acceptance
Education & Training,Graduate Training
Education & Training,Hands-On Dental Technology Training
Education & Training,Hands-On Training
Education & Training,ITI Education
Education & Training,Integrated Curriculum
Education & Training,Interdisciplinary Education
Education & Training,Materials Science
Education & Training,MaxiCourse Education
Education & Training,Minimally Invasive Procedures
Education & Training,Multidisciplinary Practice
Education & Training,Office Culture
Education & Training,Office Emergencies
Education & Training,Office-Based Surgery
Education & Training,Operational Excellence
Education & Training,Operational Excellence for DSOs
Education & Training,Oral Biofilm Science
Education & Training,Oral Health Sciences
Education & Training,Patient-Centered Care
Education & Training,Patient-Centric Dental Care
Education & Training,Patient-First Dental Practices
Education & Training,Peer Review in Dental Science
Education & Training,Positive Impact Dental Alliance
Education & Training,Practice Acquisition
Education & Training,Practice Adaptation Strategies
Education & Training,Practice Automation
Education & Training,Practice Culture & Transformation
Education & Training,Practice Development
Education & Training,Practice Excellence Coach
Education & Training,Practice Integration
Education & Training,Practice Longevity
Education & Training,Practice Operations
Education & Training,Practice Philosophy
Education & Training,Practice Risk Reduction
Education & Training,Practice Scalability
Education & Training,Practice Startups
Education & Training,Professional Society Governance
Education & Training,Progressive Learning
Education & Training,Prosthodontics & Restorative Sciences
Education & Training,Reconstructive Procedures
Education & Training,Regenerative Procedures
Education & Training,Residency Training
Education & Training,Restorative Materials Science
Education & Training,Sales Training
Education & Training,Simulation Training
Education & Training,Skills Lab Training
Education & Training,Skills Training
Education & Training,Smile Enhancement
Education & Training,Success Strategies
Education & Training,Training Program Development
Education & Training,Training Programs
Education & Training,Training Strategies
Education & Training,Two-Tooth Spaces
Education & Training,University-Level Teaching
Education & Training,Workforce Training
Education & Training,ZAGA Concept
Endodontics,Endodontics
Endodontics,Innovations in Endodontics
Endodontics,Root Canal Therapy
Esthetic Dentistry,Aesthetic Ceramics
Esthetic Dentistry,Aesthetic Dentistry
Esthetic Dentistry,Aesthetic Dentistry 4.0
Esthetic Dentistry,Aesthetic Digital Prosthetics
Esthetic Dentistry,Aesthetic Implant Dentistry
Esthetic Dentistry,Aesthetic Implant Management
Esthetic Dentistry,Aesthetic Prosthetics
Esthetic Dentistry,Complex Esthetic Cases
Esthetic Dentistry,Complex Esthetic Prosthodontics
Esthetic Dentistry,Cosmetic Dental Procedures
Esthetic Dentistry,Cosmetic Dentistry
Esthetic Dentistry,Cosmetic Innovation
Esthetic Dentistry,Dental Aesthetics
Esthetic Dentistry,Esthetic Dental Technology Collaboration
Esthetic Dentistry,Esthetic Dentistry
Esthetic Dentistry,Esthetic Procedures
Esthetic Dentistry,Esthetic Rehabilitation
Esthetic Dentistry,Esthetic Zone Challenges
Esthetic Dentistry,Facial Aesthetics
Esthetic Dentistry,Facial Cosmetics
Esthetic Dentistry,Implant Aesthetics
Esthetic Dentistry,Modern Esthetic Solutions
Esthetic Dentistry,Modern Esthetic Techniques
Esthetic Dentistry,Smile Design
Full Arch Rehabilitation,Complex Full Arch Cases
Full Arch Rehabilitation,Full Arch Immediate Load
Full Arch Rehabilitation,Full Arch Practice Growth
Full Arch Rehabilitation,Full Arch Prosthodontics
Full Arch Rehabilitation,Full Arch Rehabilitation
Full Arch Rehabilitation,Full Mouth Reconstruction
Full Arch Rehabilitation,Full Mouth Rehabilitation
Implant Dentistry,AAID Implant Protocols
Implant Dentistry,AI in Implant Dentistry
Implant Dentistry,Abutment Screw Complications
Implant Dentistry,Advanced Implant Placement
Implant Dentistry,Advanced Implant Surgery
Implant Dentistry,Advanced Implant Therapy
Implant Dentistry,Affordable Dentures & Implants
Implant Dentistry,All-on-4 Implants
Implant Dentistry,All-on-X Implants
Implant Dentistry,Anesthetic Approaches in Implants
Implant Dentistry,Biocompatible Implant Solutions
Implant Dentistry,Ceramic Zirconia Implants
Implant Dentistry,Clinical Implant Protocols
Implant Dentistry,Clinical Implant Research
Implant Dentistry,Clinical Implantology
Implant Dentistry,Complete-Arch Implant Rehabilitation
Implant Dentistry,Complex Implant Cases
Implant Dentistry,Complex Implant Techniques
Implant Dentistry,Complex Implant Therapies
Implant Dentistry,Complex Implantology
Implant Dentistry,Comprehensive Dentistry & Implant Engineering
Implant Dentistry,Contemporary Implant Practice
Implant Dentistry,Cosmetic and Implant Dentistry
Implant Dentistry,Custom Implants
Implant Dentistry,Dental Implant Aesthetics
Implant Dentistry,Dental Implant Market Analysis
Implant Dentistry,Dental Implant Surgery
Implant Dentistry,Dental Implant Surgery and Bone Grafting
Implant Dentistry,Dental Implants
Implant Dentistry,Digital Full Arch Implant Procedures
Implant Dentistry,Digital Implant Dentistry
Implant Dentistry,Digital Implant Rehabilitation
Implant Dentistry,Digital Implant Technology
Implant Dentistry,Digital Implantology
Implant Dentistry,Digital Implants
Implant Dentistry,Efficient Implant Workflows
Implant Dentistry,Endosseous Implant Surgery
Implant Dentistry,Esthetic Implant Complications
Implant Dentistry,Esthetic Implant Therapy
Implant Dentistry,Esthetic Implantology
Implant Dentistry,Esthetic Implantology & Prosthodontics
Implant Dentistry,Esthetic Zone Implants
Implant Dentistry,Evidence-based Dental Implants
Implant Dentistry,Extramaxillary Implants
Implant Dentistry,Full Arch Implant Dentistry
Implant Dentistry,Full Arch Implant Procedures
Implant Dentistry,Full Arch Implant Rehab
Implant Dentistry,Full Arch Implant Rehabilitation
Implant Dentistry,Full Arch Implant Therapy
Implant Dentistry,Full Arch Implants
Implant Dentistry,Full-Arch Implant Prosthodontics
Implant Dentistry,Full-Arch Implant Protocols
Implant Dentistry,Full-Arch Implantology
Implant Dentistry,Full-Arch Implants
Implant Dentistry,Full-Time Implantology
Implant Dentistry,Guided Implant Surgery
Implant Dentistry,Immediate Implant Placement
Implant Dentistry,Immediate Loading
Implant Dentistry,Implant Assessment
Implant Dentistry,Implant Complications
Implant Dentistry,Implant Controversies
Implant Dentistry,Implant Decontamination
Implant Dentistry,Implant Dentistry
Implant Dentistry,Implant Dentistry and Surgical Training
Implant Dentistry,Implant Education
Implant Dentistry,Implant Esthetics
Implant Dentistry,Implant Lab Collaboration
Implant Dentistry,Implant Maintenance
Implant Dentistry,Implant Placement
Implant Dentistry,Implant Planning
Implant Dentistry,Implant Preservation
Implant Dentistry,Implant Prosthetic Principles
Implant Dentistry,Implant Prosthetics
Implant Dentistry,Implant Prosthodontics
Implant Dentistry,Implant Prosthodontics & Phonetics
Implant Dentistry,Implant Reconstruction
Implant Dentistry,Implant Rehabilitation
Implant Dentistry,Implant Research and Innovation
Implant Dentistry,Implant Restoration Management
Implant Dentistry,Implant Science
Implant Dentistry,Implant Site Preparation
Implant Dentistry,Implant Success
Implant Dentistry,Implant Surgery
Implant Dentistry,Implant Surgery and Bone Regeneration
Implant Dentistry,Implant Surgery and Reconstructive Dentistry
Implant Dentistry,Implant Surgical Guides
Implant Dentistry,Implant Technology
Implant Dentistry,Implant Therapy
Implant Dentistry,Implant Therapy Complications
Implant Dentistry,Implant and Reconstructive Dentistry
Implant Dentistry,Implant-supported Prostheses
Implant Dentistry,Implant-supported Prosthetics
Implant Dentistry,Implantology
Implant Dentistry,Oral Implantology
Implant Dentistry,Oral Surgery and Implant Education
Implant Dentistry,Peri-Implantitis
Implant Dentistry,Peri-Implantitis Treatment
Implant Dentistry,Peri-implant Disease
Implant Dentistry,Peri-implantitis
Implant Dentistry,Peri-implantitis Management
Implant Dentistry,Peri-implantitis Treatment
Implant Dentistry,Precision Implantology
Implant Dentistry,Prosthodontics and Implant Dentistry
Implant Dentistry,Prosthodontics and Implant Esthetics
Implant Dentistry,Pterygoid & Zygomatic Implants
Implant Dentistry,Pterygoid Implants
Implant Dentistry,Reconstructive and Implant Dentistry
Implant Dentistry,Restorative vs Implant Therapy
Implant Dentistry,Sub-periosteal Implants
Implant Dentistry,Subperiosteal Implants
Implant Dentistry,Surgical Implant Solutions
Implant Dentistry,Team-Based Implant Care
Implant Dentistry,Teeth vs Implants
Implant Dentistry,Telescopic Implant Solutions
Implant Dentistry,Tilted Implants in Maxilla
Implant Dentistry,Trans-Nasal Implants
Implant Dentistry,Zygomatic & Pterygoid Implants
Implant Dentistry,Zygomatic Implant Specialist
Implant Dentistry,Zygomatic Implants
Leadership,American Board Protocols
Leadership,Anxiety Management
Leadership,Asset Protection & Tax Strategy
Leadership,Board Preparation
Leadership,Bruxism Management
Leadership,Change Management
Leadership,Competitive Strategy
Leadership,Complex Case Management
Leadership,Complication Management
Leadership,DSO Evolution Strategy
Leadership,DSO Management
Leadership,DSO Specialty Management
Leadership,DSO Strategy
Leadership,Dental Executive Leadership
Leadership,Dental Group Management
Leadership,Dental Lab Management
Leadership,Dental Management
Leadership,Dental Risk Management
Leadership,Diagnosis and Management
Leadership,Emergency Dental Management
Leadership,Event Planning
Leadership,Executive Coaching
Leadership,Executive Leadership
Leadership,Forum Management
Leadership,Global Strategy
Leadership,Interdisciplinary Case Management
Leadership,Interdisciplinary Treatment Planning
Leadership,Lateral Incisor Management in Cleft Patients
Leadership,Management
Leadership,Management of Dental Complications
Leadership,Market Strategy
Leadership,Operations Management
Leadership,Product Management
Leadership,Prosthodontic Decision Making
Leadership,Specialty Board Navigation
Leadership,Tissue Management
Leadership,Wealth Management
Oral Surgery,Advanced Oral Surgery
Oral Surgery,Advanced Oral Surgical Techniques
Oral Surgery,Advanced Surgical Anatomy
Oral Surgery,Advanced Surgical Procedures
Oral Surgery,Advanced Surgical Techniques
Oral Surgery,Advanced Surgical Therapy
Oral Surgery,Bone Grafting
Oral Surgery,Cleft and Craniomaxillofacial Care
Oral Surgery,Complex Oral Surgery
Oral Surgery,Complex Surgical Cases
Oral Surgery,Craniomaxillofacial Care
Oral Surgery,Craniomaxillofacial Procedures
Oral Surgery,Craniomaxillofacial Surgery
Oral Surgery,Horizontal and Vertical Bone Grafts
Oral Surgery,Maxillofacial Prosthodontics
Oral Surgery,Maxillofacial Reconstruction
Oral Surgery,Maxillofacial Surgery
Oral Surgery,Microsurgical Techniques
Oral Surgery,Oral & Maxillofacial Radiology
Oral Surgery,Oral & Maxillofacial Surgery
Oral Surgery,Oral Surgery
Oral Surgery,Oral Surgery Collaboration
Oral Surgery,Oral Surgery Education
Oral Surgery,Oral Surgery Team Readiness
Oral Surgery,Oral and Maxillofacial Surgery
Oral Surgery,Partial Extraction Therapy
Oral Surgery,Pediatric Maxillofacial Care
Oral Surgery,Pediatric Oral Surgery
Oral Surgery,Ridge Augmentation
Oral Surgery,Robotics in Oral Surgery
Oral Surgery,Sinus Lift Techniques
Oral Surgery,Straumann Systems Integration
Oral Surgery,Surgical Case Management
Oral Surgery,Surgical Case Planning
Oral Surgery,Surgical Decision Making
Oral Surgery,Surgical Dentistry
Oral Surgery,Surgical Design
Oral Surgery,Surgical Innovations
Oral Surgery,Surgical Mentorship
Oral Surgery,Surgical Planning
Oral Surgery,Surgical Procedures
Oral Surgery,Surgical Protocols
Oral Surgery,Surgical Techniques
Oral Surgery,Surgical Therapy
Oral Surgery,Surgical Training
Oral Surgery,Surgical and Non-Surgical Techniques
Oral Surgery,Surgical-Orthodontic Synergy
Oral Surgery,Virtual Surgical Planning
Orthodontics,Adult Orthodontics
Orthodontics,Airway Orthodontics
Orthodontics,Interdisciplinary Orthodontic Treatment
Orthodontics,Interdisciplinary Orthodontics
Orthodontics,Invisalign
Orthodontics,Orthodontics
Orthodontics,Orthodontics & Sleep Collaboration
Orthodontics,Orthodontics & Sleep Medicine
Orthodontics,Same-Day Braces
Periodontics,3D Printing in Periodontics
Periodontics,Academic Periodontology
Periodontics,Advanced Periodontal Procedures
Periodontics,Advanced Periodontal Therapies
Periodontics,Advanced Periodontal Therapy
Periodontics,Advanced Periodontology
Periodontics,Board Preparation for Periodontists
Periodontics,Chronic Periodontitis Management
Periodontics,Clinical Innovation in Periodontology
Periodontics,Clinical Periodontal Protocols
Periodontics,Clinical Periodontal Research
Periodontics,Clinical Periodontal Therapy
Periodontics,Clinical Periodontics
Periodontics,Clinical Studies in Gum Disease
Periodontics,Clinical Trials in Periodontology
Periodontics,Dental Hygiene & Periodontal Assessment
Periodontics,Drug Mechanisms in Periodontics
Periodontics,Epidemiological Periodontal Research
Periodontics,Esthetic Periodontal Procedures
Periodontics,Evidence-Based Periodontal Care
Periodontics,Evidence-Based Periodontal Practice
Periodontics,Evidence-Based Periodontal Treatments
Periodontics,Gum Disease Management
Periodontics,Gum Disease Therapy
Periodontics,Hard and Soft Tissue Management
Periodontics,Innovation in Periodontal Therapy
Periodontics,Interdisciplinary Periodontics
Periodontics,Microsurgical Periodontology
Periodontics,Military Periodontics
Periodontics,Multidisciplinary Periodontal & Prosthodontic Cases
Periodontics,Multidisciplinary Periodontal Care
Periodontics,Perio-Prostho Treatment
Periodontics,Perio-Prosthodontic Integration
Periodontics,Perio-Prosthodontics
Periodontics,Periodonal Assessment
Periodontics,Periodontal Complexities
Periodontics,Periodontal Disease Management
Periodontics,Periodontal Disease Research
Periodontics,Periodontal Education
Periodontics,Periodontal Education & Clinical Training
Periodontics,Periodontal Education & Public Health
Periodontics,Periodontal Education & Research
Periodontics,Periodontal Innovation
Periodontics,Periodontal Literature
Periodontics,Periodontal Medicine
Periodontics,Periodontal Microbiology
Periodontics,Periodontal Plastic Surgery
Periodontics,Periodontal Practice
Periodontics,Periodontal Regeneration
Periodontics,Periodontal Research
Periodontics,Periodontal Research & Pharmacology
Periodontics,Periodontal Sur+B436:B455gery
Periodontics,Periodontal Surgery
Periodontics,Periodontal Surgical Techniques
Periodontics,Periodontal Therapy
Periodontics,Periodontal-Prosthodontic Collaboration
Periodontics,Periodontal-Prosthodontic Interdisciplinary Care
Periodontics,Periodontics
Periodontics,Periodontics & Implantology
Periodontics,Periodontics Department Leadership
Periodontics,Periodontology
Periodontics,Periodontology & AI Research
Periodontics,Periodontology & Business Management
Periodontics,Periodontology & Dental Hygiene Education
Periodontics,Periodontology & Implant Dentistry
Periodontics,Periodontology & Implant Surgery
Periodontics,Periodontology & Legal Medicine
Periodontics,Periodontology & Legal Practice
Periodontics,Periodontology & Medical Education
Periodontics,Periodontology & Microsurgery
Periodontics,Periodontology & Orthodontics
Periodontics,Periodontology & Pharmacology
Periodontics,Periodontology & Public Health
Periodontics,Periodontology & Regeneration
Periodontics,Periodontology & Research
Periodontics,Periodontology & Systemic Health
Periodontics,Periodontology & Tissue Engineering
Periodontics,Periodontology Research
Periodontics,Perioperative Care
Periodontics,Public Health in Periodontics
Periodontics,Regenerative Periodontal Procedures
Periodontics,Regenerative Periodontics
Periodontics,Research in Periodontal Therapies
Periodontics,Research in Periodontal Therapy
Periodontics,Sedation in Periodontology
Periodontics,Soft Tissue Grafting
Periodontics,Soft Tissue Management
Periodontics,Surgical Periodontal Therapy
Periodontics,Surgical Periodontics
Periodontics,Translational Periodontal Science
Practice Management,3D Imaging
Practice Management,3D Model Surgery
Practice Management,AAP Leadership
Practice Management,Academic Dentistry Leadership
Practice Management,Academic Instruction
Practice Management,Academic Leadership
Practice Management,Academic Writing
Practice Management,Academy Leadership
Practice Management,Adhesive Protocols
Practice Management,Adhesive Rehabilitation
Practice Management,Analog Techniques
Practice Management,Anesthesiology in Dentistry
Practice Management,Anxiety Control
Practice Management,Assessment Methodologies
Practice Management,Beyond the Basics Coding
Practice Management,Bioengineering
Practice Management,Biologic Modifiers
Practice Management,Biological Stability
Practice Management,Biomaterials
Practice Management,Biomechanics
Practice Management,Bone Reconstruction
Practice Management,Bone Structure Studies
Practice Management,Building & Managing Teams
Practice Management,Burnout Prevention
Practice Management,Business Aspects
Practice Management,Business Consultant
Practice Management,Business Development
Practice Management,CDIPC Standards
Practice Management,Challenge Resolution
Practice Management,Clear Aligner Therapy
Practice Management,Cleft Care
Practice Management,Cleft Lip/Palate
Practice Management,Cleft Lip/Palate Specialist
Practice Management,Cleft Palate Reconstruction
Practice Management,Cleft and Craniofacial Surgery
Practice Management,Clinic-to-Lab Integration
Practice Management,Clinical Application
Practice Management,Clinical Applications
Practice Management,Clinical Case Presentation
Practice Management,Clinical Chair Leadership
Practice Management,Clinical Communication Skills
Practice Management,Clinical Communications
Practice Management,Clinical Diagnosis
Practice Management,Clinical Instruction
Practice Management,Clinical Leadership
Practice Management,Clinical Optimization
Practice Management,Clinical Practice Management
Practice Management,Clinical Prosthodontics
Practice Management,Clinical Protocols
Practice Management,Clinical Reviews
Practice Management,Clinical Studies
Practice Management,Clinical Support
Practice Management,Clinical Systems
Practice Management,Clinical Team Training
Practice Management,Collaborative Care
Practice Management,Collaborative Dental Technologies
Practice Management,Community Dental Advocacy
Practice Management,Community Oral Health
Practice Management,Complete-Arch Solutions
Practice Management,Complex Craniofacial Reconstruction
Practice Management,Complex Full-Arch Rehabs
Practice Management,Complex Oral Rehabilitation
Practice Management,Complex Rehabilitation
Practice Management,Complex Restorative Cases
Practice Management,Complex Surgery Trends
Practice Management,Complication Prevention
Practice Management,Composite Bonding Techniques
Practice Management,Comprehensive Care
Practice Management,Comprehensive Dentistry
Practice Management,Comprehensive Rehabilitation
Practice Management,Comprehensive Solutions
Practice Management,Compromised Case Solutions
Practice Management,Compromised Ridge Solutions
Practice Management,Conical & Telescopic Prosthodontics
Practice Management,Contemporary Approaches
Practice Management,Contemporary Techniques
Practice Management,Contemporary Treatments
Practice Management,Corporate Dental Models
Practice Management,Craniofacial Disorders
Practice Management,Craniofacial Pathology
Practice Management,Crisis Leadership
Practice Management,DSO Evolution
Practice Management,DSO Future Strategist
Practice Management,DSO Future Trends
Practice Management,DSO Growth & Acquisitions
Practice Management,DSO Growth Specialist
Practice Management,DSO Growth Strategist
Practice Management,DSO Leadership
Practice Management,DSO Operations
Practice Management,DSO Penetration
Practice Management,DSO Sleep Integration
Practice Management,De Novo Dental Startups
Practice Management,Decay Prevention
Practice Management,Dental Association Leadership
Practice Management,Dental Business Development
Practice Management,Dental Business Models
Practice Management,Dental Coding & Reimbursement
Practice Management,Dental Emergency Protocols
Practice Management,Dental Group Operations
Practice Management,Dental Hygiene
Practice Management,Dental Hygiene & Patient Communication
Practice Management,Dental Informatics
Practice Management,Dental Insurance and Payer Relations
Practice Management,Dental Leadership
Practice Management,Dental Leadership Advisor
Practice Management,Dental Leadership Development
Practice Management,Dental Marketing
Practice Management,Dental Marketing Trends
Practice Management,Dental Operations
Practice Management,Dental Payor Strategies
Practice Management,Dental Practice Growth
Practice Management,Dental Practice Leadership
Practice Management,Dental Practice Management
Practice Management,Dental Sleep Medicine
Practice Management,Dental Sleep Solutions
Practice Management,Dental Specialty Recognition
Practice Management,Dental Team Building
Practice Management,Dental Team Coaching
Practice Management,Dental Team Communication
Practice Management,Dental Team Management
Practice Management,Dental Technologies
Practice Management,Dental/Medical Liability
Practice Management,Dentistry
Practice Management,Dentofacial Rehabilitation
Practice Management,Diagnostic Imaging
Practice Management,Direct to Consumer Strategies
Practice Management,Diversity Leadership
Practice Management,Diversity in Dentistry
Practice Management,Drug-Therapeutic Interactions
Practice Management,Economic Impact Analysis
Practice Management,Editorial Scholarship in Dentistry
Practice Management,Emergency Medicine
Practice Management,Emergency Protocols
Practice Management,Emergency Response
Practice Management,Employee Retention
Practice Management,Entrepreneurship
Practice Management,Epidemiology
Practice Management,Equipment Demonstration
Practice Management,Ethics in Dentistry
Practice Management,Event Coordination
Practice Management,FACP
Practice Management,FICD Collaboration
Practice Management,Facial Reconstruction
Practice Management,Faculty Development
Practice Management,Financial Leadership
Practice Management,Financial Strategies
Practice Management,Full-Arch Dentistry
Practice Management,Full-Arch Rehab
Practice Management,Full-Arch Rehabilitation
Practice Management,Full-Arch Rehabilitation Solutions
Practice Management,Full-Arch Solutions
Practice Management,Full-Arch Therapy
Practice Management,Full-Mouth Reconstruction
Practice Management,Full-Mouth Rehabilitation
Practice Management,Full-Smile Rehabilitation
Practice Management,Gender Parity in Dental Academia
Practice Management,General Dentistry
Practice Management,Generational Wealth Transfer
Practice Management,Global Market Expansion
Practice Management,Growth Hacking Dental Brands
Practice Management,Guardian Dentistry Operations
Practice Management,Guided Workflows
Practice Management,Healthcare Administration
Practice Management,Healthcare Billing
Practice Management,Healthcare Law
Practice Management,Healthcare Leadership
Practice Management,Holistic Dentistry
Practice Management,Hospital-Based Dental Care
Practice Management,Imagen Dental Partners
Practice Management,Immediate Load Protocols
Practice Management,Immediate Load Solutions
Practice Management,Industry Leadership
Practice Management,Infection Control
Practice Management,Inflammatory Mechanisms in Dentistry
Practice Management,Injectable Pharmacologics
Practice Management,Innovative Restorative Materials
Practice Management,Innovative Treatments
Practice Management,Insurance Relations in Group Practice
Practice Management,Insurance Strategies
Practice Management,Integrated Care
Practice Management,Integrated Sleep Dentistry
Practice Management,Interdisciplinary Collaboration
Practice Management,Interdisciplinary Integration
Practice Management,Interdisciplinary Patient Care
Practice Management,Interdisciplinary Treatment
Practice Management,Intraoral Limitations
Practice Management,Lab Equipment
Practice Management,Lab Integration
Practice Management,Laboratory-Clinician Collaboration
Practice Management,Leadership Development
Practice Management,Leadership Development Coach
Practice Management,Leadership Empowerment
Practice Management,Leadership Excellence
Practice Management,Leadership Lessons
Practice Management,Leadership Resilience
Practice Management,Leadership in Dentistry
Practice Management,Local Market Strategies
Practice Management,MEDENTiKA Systems
Practice Management,MS
Practice Management,MSD
Practice Management,Marketing Strategies
Practice Management,Maxillary Reconstruction
Practice Management,Medical Coding
Practice Management,Microbiology
Practice Management,Microbiology & Immunology
Practice Management,Midfacial Expansion
Practice Management,Minimally Invasive Grafting
Practice Management,Minimally Invasive Techniques
Practice Management,Moderation
Practice Management,Modern Diagnostics
Practice Management,Multi-Specialty Practice Management
Practice Management,Multidisciplinary Treatment
Practice Management,Multisite Practice Management
Practice Management,Nasoalveolar Molding
Practice Management,Navigated Surgery
Practice Management,Navigating National Forums
Practice Management,Neocis Systems
Practice Management,Nerve-Sparing Techniques
Practice Management,New Dental Materials
Practice Management,Occlusal Disease
Practice Management,Office Efficiency
Practice Management,Operations
Practice Management,Oral Health
Practice Management,Oral Health Equity
Practice Management,Oral Medicine
Practice Management,Oral Microbiology
Practice Management,Oral Microbiome
Practice Management,Oral Pathology
Practice Management,Oral Reconstructive Medicine
Practice Management,Oral-Systemic Health Integration
Practice Management,Orthognathic Surgery
Practice Management,Overcoming Obstacles in Dental Careers
Practice Management,Pathway Wear
Practice Management,Patient Acquisition
Practice Management,Patient Acquisition & Marketing
Practice Management,Patient Communication
Practice Management,Patient Communications
Practice Management,Patient Experience
Practice Management,Patient Experience Improvement
Practice Management,Patient Impact
Practice Management,Patient-First Care
Practice Management,Patient-Focused Care
Practice Management,Payor Strategy and Insurance Relations
Practice Management,Pediatric Dentistry
Practice Management,Personal Development
Practice Management,Photogrammetry
Practice Management,Point-Counterpoint Debates
Practice Management,Practice Growth
Practice Management,Practice Growth Strategies
Practice Management,Practice Leadership
Practice Management,Practice Management
Practice Management,Practice Management & Insurance
Practice Management,Practice Revenue Growth
Practice Management,Precision Removables
Practice Management,Presidential History
Practice Management,Prevention
Practice Management,Product Development
Practice Management,Product Specialist
Practice Management,Professional Development
Practice Management,Prosthodontic Exams
Practice Management,Prosthodontic Laboratory Techniques
Practice Management,Prosthodontic Support
Practice Management,Prosthodontics
Practice Management,Prosthodontics & Interdisciplinary Care
Practice Management,Prosthodontics Leadership
Practice Management,Reconstructive Dentistry
Practice Management,Reconstructive Surgery
Practice Management,Recruitment and Retention Strategies
Practice Management,Referral-Based Patient Acquisition
Practice Management,Regenerative Dental Medicine
Practice Management,Regenerative Medicine
Practice Management,Regenerative Therapies
Practice Management,Regenerative Therapy
Practice Management,Remote Anchorage
Practice Management,Remote Monitoring
Practice Management,Restorative Adhesives
Practice Management,Restorative Dentistry
Practice Management,Restorative Studies
Practice Management,Risk Assessment
Practice Management,Risk Reduction Strategies
Practice Management,Salivary Diagnostics
Practice Management,Salivary Gland Preservation
Practice Management,Same-Day Dentistry
Practice Management,Same-Day Transformations
Practice Management,Saving Teeth
Practice Management,Scientific Publishing
Practice Management,Scientific Writing
Practice Management,Segmental Osteotomy
Practice Management,Severely Resorbed Ridges
Practice Management,Sleep Medicine
Practice Management,Sleep Medicine Consultant
Practice Management,Sleep-related Breathing Disorders
Practice Management,Smile Brands
Practice Management,Soft-Tissue Alternatives
Practice Management,Soft/Hard Tissue Reconstruction
Practice Management,Specialty Area Development
Practice Management,Specialty Dental Operations
Practice Management,Specialty Growth for Group Practices
Practice Management,Specialty Operations
Practice Management,Staff Retention
Practice Management,State-of-the-Art Approaches
Practice Management,Strategic Operations
Practice Management,Systemic Health Connections
Practice Management,Team Alignment
Practice Management,Team Approach
Practice Management,Team Building
Practice Management,Team Development
Practice Management,Team Education
Practice Management,Team Effectiveness
Practice Management,Team Leadership
Practice Management,Team Management & Leadership Expert
Practice Management,Team Training
Practice Management,Tech in Group Practice Management
Practice Management,Tech-Driven Care
Practice Management,TeleDentistry
Practice Management,Telescopic Prosthodontics
Practice Management,Tissue Engineering
Practice Management,Tissue Reconstruction
Practice Management,Today's Dental Network
Practice Management,Tooth Condition Changes
Practice Management,Translational Medicine
Practice Management,Treatment Coordination
Practice Management,Treatment Protocols
Practice Management,Waterline Safety
Practice Management,White House Leadership
Practice Management,Workflow Optimization
Practice Management,Wound Healing
Prosthodontics,Advanced Prosthetics
Prosthodontics,All-On-4
Prosthodontics,All-on-4 Treatment
Prosthodontics,All-on-X
Prosthodontics,CAD/CAM Prosthetics
Prosthodontics,Clinical Prosthetic Applications
Prosthodontics,Complex Esthetic Restorations
Prosthodontics,Complex Prosthetic Cases
Prosthodontics,Complex Prosthetic Design
Prosthodontics,Complex Prosthetic Rehabilitation
Prosthodontics,Crown and Bridge Techniques
Prosthodontics,Digital All-on-X
Prosthodontics,Digital Occlusion
Prosthodontics,Digital Removable Partial Dentures
Prosthodontics,Direct Anterior Restorations
Prosthodontics,Esthetic Denture Solutions
Prosthodontics,Esthetic Restorations
Prosthodontics,Fixed and Removable Prosthetics
Prosthodontics,Fixed vs Removable Prosthodontics
Prosthodontics,Full Arch Restoration
Prosthodontics,Full-Arch Fixed Prosthodontics
Prosthodontics,Full-Arch Prosthetics
Prosthodontics,Full-Arch Restorations
Prosthodontics,Maxillofacial Prosthetics
Prosthodontics,Posterior Restorations
Prosthodontics,Prosthetic Planning
Prosthodontics,Prosthetic Rehabilitation
Prosthodontics,Prosthetic Solutions
Prosthodontics,Prosthodontics & Maxillofacial Prosthetics
Prosthodontics,Removable Prosthetics
Prosthodontics,Removable Prosthodontics
Prosthodontics,Removable/Fixed Prosthetics
Prosthodontics,Restoration of Terminal Dentition
Prosthodontics,Surgical Restoration
Prosthodontics,Zirconia Restorations
Research,AI-Powered Research
Research,Chair-based Clinical Research
Research,Clinical Outcomes
Research,Clinical Research
Research,Clinical Research Methods
Research,Clinical Study Design
Research,Comparative Outcomes
Research,Data-Driven Innovation
Research,Dental Research
Research,International Research
Research,Microbiome Research
Research,Predictable Outcomes
Research,Prosthodontic Outcomes
Research,Regenerative Research
Research,Research
Research,Research Methodology
Research,Research Methods
Research,Research and Development
Research,Research in Scanning
Research,Research-Driven Therapy
Research,Systematic Reviews
Technology & Innovation,Adhesive Technology
Technology & Innovation,Advanced Technology
Technology & Innovation,CAD-CAM Technology
Technology & Innovation,CBCT
Technology & Innovation,CBCT Analysis
Technology & Innovation,Clinical Innovation
Technology & Innovation,Clinical Innovations
Technology & Innovation,Dental Innovation
Technology & Innovation,Dental Laboratory Technology
Technology & Innovation,Dental Technology Implementation
Technology & Innovation,Healthcare Innovation
Technology & Innovation,History and Innovation
Technology & Innovation,Innovation
Technology & Innovation,Innovation in Young Professionals
Technology & Innovation,Innovations for Dental Labs
Technology & Innovation,LANAP Laser Therapy
Technology & Innovation,Lab Equipment Innovations
Technology & Innovation,Lab Technology
Technology & Innovation,Laser Dentistry
Technology & Innovation,Material Technology
Technology & Innovation,OMS Technology Integration
Technology & Innovation,Prosthodontic Innovation and Discussions
Technology & Innovation,Prosthodontic Innovations
Technology & Innovation,Revenue Cycle Innovation
Technology & Innovation,Scan-to-Smile Technology
Technology & Innovation,Technology Innovation
Technology & Innovation,Technology Integration
Technology & Innovation,Treatment Innovation
Technology & Innovation,Virtual Patient Technology
Technology & Innovation,X-Guide Technology
