"Name,Profession,Specialty,Instagram,Facebook,X (Twitter),LinkedIn"
"Dr. Berfin K. Jacobs,""Clinical Associate Professor, Temple University"",Oral and Maxillofacial Surgery,https://www.instagram.com/dr.b68/,N/A,N/A,https://www.linkedin.com/in/berfink"
"Dr. Daniel R. Cullum,""President, Implants Northwest Live Learning Center"",Oral and Maxillofacial Surgery,N/A,N/A,N/A,https://www.linkedin.com/in/dan-cullum-3889b91b"
"Dr. German O. Gallucci,""Professor and Chair, Harvard School of Dental Medicine"",Restorative Dentistry,https://www.instagram.com/germangallucci/,N/A,https://twitter.com/GermanGallucci,https://www.linkedin.com/in/ggallucci"
"Dr. Joan Pi-Anfruns,""Private Practice, Los Angeles"",Oral and Maxillofacial Surgery,https://www.instagram.com/drjpianfruns/,N/A,N/A,https://www.linkedin.com/in/joan-pi-anfruns-b0b54814"
"Dr. Katja Nelson,""Dean of Dental Medicine, Universitätsklinikum Freiburg"",Oral and Maxillofacial Surgery,https://www.instagram.com/meetthemuse/,N/A,N/A,N/A"
"Dr. Lawrence E. Brecht,""Director of Maxillofacial Prosthetics, Northwell Health"",Maxillofacial Prosthetics,N/A,N/A,N/A,https://www.linkedin.com/in/lawrence-e-brecht-dds-8ba1116"
"Dr. Lorenzo Mordini,""Director Post Graduate Periodontology, Tufts University"",Periodontology,https://www.instagram.com/dr.lorenzomordini/,N/A,N/A,https://www.linkedin.com/in/lorenzo-mordini-24145573"
"Dr. Paulo Carvalho,Oral and Maxillofacial Surgeon,Oral and Maxillofacial Surgery,https://www.instagram.com/paulofredericodecarvalho/,N/A,N/A,https://www.linkedin.com/in/drpaulocarvalho"
"Dr. Ricardo Mitrani,Grupo Dental Bosques Oral Health & Smile Design,Oral and Maxillofacial Surgery,https://www.instagram.com/ricardomitrani/,N/A,N/A,https://www.linkedin.com/in/ricardo-mitrani-aa082615"
"Dr. Rolf Ewers,""Chairman Emeritus, Hospital of Cranio Maxillofacial & Oral Surgery"",Oral and Maxillofacial Surgery,N/A,N/A,N/A,https://www.linkedin.com/in/rolf-ewers-659a3015"
"Dr. Shuaib Malik,""Owner, Oral and Maxillofacial Surgery of Chicago"",Oral and Maxillofacial Surgery,https://www.instagram.com/mdrshuaib/,N/A,N/A,https://www.linkedin.com/in/shuaib-malik-0764291a"
"Dr. Andy Burton,Dental Specialist,Restorative Dentistry,https://www.instagram.com/theimplantman/,N/A,N/A,N/A"
"Dr. Azadeh Amy Khajavi,""DDS, Biological Dentist"",Ceramic Zirconia Implants,https://www.instagram.com/dr.azadeh.khajavi/,N/A,N/A,https://www.linkedin.com/in/dr-azadeh-amy-khajavi-14a04013"
"Dr. Ben Kellum,""DDS, Full Arch Specialist"",Full Arch Implant Procedures,https://www.instagram.com/ben.kellum.dds/,N/A,N/A,https://www.linkedin.com/in/bennett-kellum-75971953"
"Dr. Brian J. Jackson,""DDS, DABOI/ID, Honored Fellow AAID"",Implant Surgery and Reconstructive Dentistry,https://www.instagram.com/bjjddsimplants/,N/A,N/A,https://www.linkedin.com/in/brian-jackson-68a45b10"
"Dr. Bruce G. Freund,DDS,""Facial Cosmetics, Injectable Pharmacologics"",N/A,N/A,N/A,https://www.linkedin.com/in/brucegfreund"
"Dr. Cara Minichetti,DDS,""Implant Dentistry, Oral Surgery"",https://www.instagram.com/icaraboutyourteeth/,N/A,N/A,https://www.linkedin.com/in/cara-minichetti-60215622"
"Dr. Christian Hart,""DDS, Full Arch Specialist"",Full Arch Implant Dentistry,https://www.instagram.com/christianhartdds/,N/A,N/A,https://www.linkedin.com/in/dr-christian-hart"
"Dr. Christopher Petrush,""DDS, FAAID, DABOI/ID"",""Implant Dentistry, Bone Grafting"",https://www.instagram.com/bostonmaxicourse_bic/,N/A,N/A,https://www.linkedin.com/in/christopher-petrush-73665b2b"
"Dr. Craig I. Aronson,""DDS, FAGD, FAAID, DABOI/ID"",Implant Surgery and Cosmetic Dentistry,https://www.instagram.com/craig_aronson/,N/A,N/A,https://www.linkedin.com/in/craig-aronson-6566a15"
"Dr. Daniel Domingue,""DDS, DABOI/ID, DICOI"",Digital Workflows and Implant Surgery,https://www.instagram.com/thedigitaldentist/,https://www.facebook.com/daniel.domingue,N/A,https://www.linkedin.com/in/dr-daniel-domingue-b0a3a427"
"Dr. David Resnick,""DDS, FAAID, DABOI/ID"",Surgical Procedures and Bone Reconstruction,N/A,N/A,N/A,https://www.linkedin.com/in/david-resnick-21151687"
"Dr. Doaa Adel Khattab,""DDS, MS"",""Periodontics, Implant Dentistry"",https://www.instagram.com/doaa.khatab/,N/A,N/A,https://www.linkedin.com/in/doaa-khattab-a4ab89b6"
"Dr. Donald J. Provenzale,""DDS, DABOI/ID, AFAAID"",""Implant Dentistry, Anesthesiology, Reconstructive Dentistry"",N/A,N/A,N/A,https://www.linkedin.com/in/donald-provenzale-094593b3"
"Dr. Duke Heller,""DDS, MS, Honored Fellow AAID"",Dental Implant Surgery and Bone Grafting,https://www.instagram.com/dukeheller/,N/A,N/A,https://www.linkedin.com/in/duke-heller-2a98ab13"
"Dr. Ed R. Kusek,""DDS, FAAID, DABOI/ID, Past President AAID"",Implant Dentistry and Oral Surgery,https://www.instagram.com/dr.edkusek/,N/A,N/A,https://www.linkedin.com/in/ed-kusek-37b84714"
"Dr. Frank Caputo,""DDS, AAID Diplomate"",Maxillary Sinus Augmentation and GBR,https://www.instagram.com/dr.frankcaputo/,N/A,N/A,https://www.linkedin.com/in/frank-caputo-1592a594"
"Dr. George Arvanitis,""DDS, DABOI, Honored Fellow AAID"",Reconstructive and Implant Dentistry,N/A,N/A,N/A,https://www.linkedin.com/in/dr-george-arvanitis-50187814"
"Dr. Hamilton M. Sporborg,""DDS, FAAID, DABOI/ID"",AAID Oral Examinations,N/A,N/A,N/A,N/A"
"Dr. Hesham Nouh,""DSc, Clinical Professor"",Prosthodontics and CAD/CAM,N/A,N/A,N/A,https://www.linkedin.com/in/hesham-nouh-a2849a13"
"Dr. Hussam Batal,""DMD, Clinical Professor"",Endosseous Implant Surgery,https://www.instagram.com/dr.hussambatal/,N/A,N/A,https://www.linkedin.com/in/hussam-batal-1b426b4"
"Dr. Ihab Hanna,""DDS, FAAID-DABOI, DICOI"",Implant Dentistry and Surgical Training,https://www.instagram.com/ihabhannadds/,N/A,N/A,https://www.linkedin.com/in/ihab-hanna-63aa08106"
"Dr. Iqbal Biswas,""MD, FRCP(C) Anesthesiology"",Medical Anesthesiology and IV Sedation,N/A,N/A,N/A,https://www.linkedin.com/in/iqbal-biswas-05a0a220"
"Dr. JB White,""DDS, AAID Member"",Implant Dentistry and Cosmetic Dentistry,N/A,N/A,N/A,https://www.linkedin.com/in/jb-white-19b600a"
"Dr. James Nager,""DMD, Associate Fellow AAID"",Implant Surgery and Oral Conscious Sedation,N/A,N/A,N/A,N/A"
"Dr. Janice Wang,""DDS, ABOI/ID Diplomate, AAID Fellow"",Implant Dentistry and Surgical Procedures,N/A,N/A,N/A,https://www.linkedin.com/in/janice-wang-bb923a10"
"Dr. Jason Kim,""DDS, AAID Fellow, ABOI/ID Diplomate"",Implant Dentistry and Dental Aesthetics,https://www.instagram.com/drjasonkimdds/,N/A,N/A,https://www.linkedin.com/in/jason-kim-50a9038"
"Dr. Jerome Smith,""DDS, Honored Fellow AAID"",Comprehensive Adult Reconstructive Care,https://www.instagram.com/drjeromesmith/,N/A,N/A,https://www.linkedin.com/in/dr-jerome-smith-60410412"
"Dr. John C. Minichetti,""DMD, FAAID, DABOI/ID"",""Implant Dentistry, Oral Surgery"",https://www.instagram.com/drjohnminichetti/,N/A,N/A,https://www.linkedin.com/in/john-minichetti-862a909"
"Dr. John Minichetti,""DMD, DABOI/ID, Fellow AAID"",Implant and Reconstructive Dentistry,https://www.instagram.com/drjohnminichetti/,N/A,N/A,https://www.linkedin.com/in/john-minichetti-862a909"
"Dr. Jonathan Tsang,""DMD, DABOI/ID"",Complex Implant Techniques,N/A,N/A,N/A,https://www.linkedin.com/in/jonathan-tsang-48aa4420"
"Dr. Joseph Leonetti,""DMD, DABOI/ID, FAAID"",Oral Surgery and Implant Education,N/A,N/A,N/A,https://www.linkedin.com/in/joseph-leonetti-669a78a"
"Dr. Keith Long,Implant Specialist,Implant Dentistry,N/A,N/A,N/A,https://www.linkedin.com/in/keith-long-563871165"
"Dr. Kwan M. Lee,""DDS, DABOI, DICOI"",Implant Dentistry and Oral Surgery,N/A,N/A,N/A,N/A"
"Dr. Lawrence Nalitt,""DDS, DABOI/ID, FAGD"",Implant Surgery and General Dentistry,https://www.instagram.com/larrynalitt/,N/A,N/A,https://www.linkedin.com/in/larry-nalitt-b676b514"
"Dr. Beatriz Bezerra,""DDS, PhD"",Periodontology & Research,N/A,N/A,N/A,https://www.linkedin.com/in/beatriz-bezerra-2341a8192"
"Dr. Bindu Dukka,""BDS, MSD, MPH"",Periodontology & Public Health,N/A,N/A,N/A,https://www.linkedin.com/in/bindu-dukka-04b21434"
"Dr. Bradley Ross,DMD,Periodontology,N/A,N/A,N/A,https://www.linkedin.com/in/bradley-ross-b2191a59"
"Dr. Brett Kessler,DDS,Periodontology,https://www.instagram.com/drbrettkessler/,N/A,N/A,https://www.linkedin.com/in/brett-kessler-2b573815"
"Dr. Bryan J. Frantz,""DMD, MS"",Periodontology,https://www.instagram.com/bryanfrantzdmdpa/,N/A,N/A,https://www.linkedin.com/in/bryan-j-frantz-80809123"
"Dr. Caitlin Darcey,""DMD, MS, MHPE"",Periodontology & Medical Education,N/A,N/A,N/A,https://www.linkedin.com/in/caitlin-darcey-939a3929"
"Dr. Chun-Teh Lee,""DDS, MS, DMSc"",Periodontology & AI Research,N/A,N/A,N/A,https://www.linkedin.com/in/chun-teh-lee-7a597636"
"Dr. David A. Scott,PhD,Periodontal Research & Pharmacology,N/A,N/A,N/A,https://www.linkedin.com/in/david-a-scott-07b5a823"
"Dr. David L. Cochran,""DDS, PhD"",Periodontics & Implantology,N/A,N/A,N/A,https://www.linkedin.com/in/david-l-cochran-918b978"
"Dr. David M. Kim,""DDS, DMSc"",Periodontology & Research,N/A,N/A,N/A,https://www.linkedin.com/in/david-m-kim-dmd-dmsc-36a04957"
"Dr. David P. Mathews,DDS,Periodontal-Prosthodontic Collaboration,N/A,N/A,N/A,https://www.linkedin.com/in/david-p-mathews-94ab147"
"Dr. David T. Wu,""DMD, DMSc, FRCDC"",Periodontology & Tissue Engineering,N/A,N/A,N/A,https://www.linkedin.com/in/david-t-wu-83a47317"
"Dr. Dennis Tarnow,DDS,Periodontology & Implant Dentistry,N/A,N/A,N/A,https://www.linkedin.com/in/dennis-tarnow-3a91a35"
"Dr. Diana V. Messadi,""DDS, MMSc, DMSc"",Oral Pathology & Oral Medicine,N/A,N/A,N/A,https://www.linkedin.com/in/diana-v-messadi-b8157b17"
"Dr. Dimitris N. Tatakis,""DDS, PhD"",Periodontology,N/A,N/A,N/A,https://www.linkedin.com/in/dimitris-n-tatakis-8b961419"
"Dr. Fadi Hasan,""DDS, MSD"",Periodontology,N/A,N/A,N/A,N/A"
"Dr. Frank A. Scannapieco,""DMD, PhD"",Periodontology,N/A,N/A,N/A,https://www.linkedin.com/in/frank-a-scannapieco-a8540210"
"Dr. Frank Schwarz,""DDS, MSD, PhD"",Oral Reconstructive Medicine & Regeneration,N/A,N/A,N/A,https://www.linkedin.com/in/frank-schwarz-dental-research"
"Dr. Georgios E. Romanos,""DDS, PhD, Prof Dr med dent"",Periodontology,N/A,N/A,N/A,https://www.linkedin.com/in/georgios-romanos"
"Dr. Gian Pietro Schincaglia,""DDS, PhD"",Implant Surgery & Maxillary Reconstruction,N/A,N/A,N/A,https://www.linkedin.com/in/gian-pietro-schincaglia-b501a560"
"Dr. Giorgio Tabanella,""DDS, MS"",Periodontology,https://www.instagram.com/dr.giorgiotabanella/,N/A,N/A,https://www.linkedin.com/in/giorgio-tabanella-67375320"
"Dr. Giovanni Zucchelli,""DDS, PhD"",Periodontal Plastic Surgery,N/A,N/A,N/A,https://www.linkedin.com/in/giovanni-zucchelli-3a01685"
"Dr. Hatice Hasturk,""DDS, PhD"",Periodontology,N/A,N/A,N/A,https://www.linkedin.com/in/hatice-hasturk-12729629"
"Dr. Hiroshi Hirata,Anesthesiologist & Sedation Specialist,Sedation & Anxiety Management,N/A,N/A,N/A,N/A"
"Dr. Hom-Lay Wang,""DDS, MSD, PhD"",Periodontology & Implant Dentistry,N/A,N/A,N/A,https://www.linkedin.com/in/hom-lay-wang-56933911"
"Dr. Homa H. Zadeh,""DDS, PhD"",Periodontology,https://www.instagram.com/homazadeh/,N/A,N/A,https://www.linkedin.com/in/homa-h-zadeh-b0800a24"
"Dr. Hsun-Liang Chan,""DDS, MS"",Periodontology & Microsurgery,N/A,N/A,N/A,https://www.linkedin.com/in/hsun-liang-chan-b4801824"
"Dr. Irina F. F. Dragan,""DDS, DMD, MS, eMBA"",Periodontology & Business Management,https://www.instagram.com/irina.dragan.perio/,N/A,N/A,https://www.linkedin.com/in/irinaffdragan"
"Dr. Istvan Urban,""DMD, MD, PhD"",Periodontology,https://www.instagram.com/urbaninstitute_bud/,N/A,N/A,https://www.linkedin.com/in/istvan-urban-538383106"
"Dr. Jack G. Caton,""DDS, MS"",Periodontology,N/A,N/A,N/A,https://www.linkedin.com/in/jack-caton-a3ba2119"
"Dr. James Anderson,Department Chair,Periodontics,N/A,N/A,N/A,N/A"
"Dr. Jennifer H. Doobrow,DMD,Periodontology,https://www.instagram.com/drjenniferhdoobrow/,N/A,N/A,https://www.linkedin.com/in/jennifer-h-doobrow-48636419"
"Dr. Joan Otomo Corgel,""DDS, MPH"",Periodontology & Public Health,N/A,N/A,N/A,https://www.linkedin.com/in/joan-otomo-corgel-07a50014"
"Dr. John A. Svirsky,""DDS, MEd"",Oral Pathology & Oral Medicine,N/A,N/A,N/A,https://www.linkedin.com/in/john-svirsky-790b2518"
"Dr. Karl Jepsen,PhD,Periodontology Research,N/A,N/A,N/A,N/A"
"Dr. Kayleigh E. Temple,""DDS, MA, MS"",Periodontology & Dental Hygiene Education,N/A,N/A,N/A,https://www.linkedin.com/in/kayleigh-temple-3a047229"
"Dr. Kevin Brown,Clinical Professor,Periodontics,N/A,N/A,N/A,N/A"
"Dr. Kumar Subramanian,""DDS, MSD"",Periodontal Surgery & Interdisciplinary Treatment,N/A,N/A,N/A,https://www.linkedin.com/in/kumar-subramanian-6511374b"
"Dr. Laura Williams,Professor,Periodontics,N/A,N/A,N/A,N/A"
"Dr. Lea Hachem,""DDS, MS, FICD"",Periodontology & Implant Surgery,N/A,N/A,N/A,https://www.linkedin.com/in/lea-hachem-a773701b"
"Dr. Liliana E. Aranguren,""DDS, MDSc"",Periodontology & Clinical Innovation,N/A,N/A,N/A,https://www.linkedin.com/in/liliana-e-aranguren-3774821b"
"Dr. Lisa Taylor,Professor,Periodontics,N/A,N/A,N/A,N/A"
"Dr. Maria Emanuel Ryan,""DDS, PhD"",Periodontology & Research,N/A,N/A,N/A,https://www.linkedin.com/in/maria-emanuel-ryan-1883a779"
"Dr. Maria Rodriguez,Associate Professor,Periodontics,N/A,N/A,N/A,N/A"
"Dr. Marie C. Schweinebraten,DMD,Practice Management & Insurance,N/A,N/A,N/A,N/A"
"Dr. Matthew Fien,DDS,Periodontology,https://www.instagram.com/dr.mfien.perio/,N/A,N/A,https://www.linkedin.com/in/matthew-fien-7688687"
"Dr. Mia L. Geisinger,""DDS, MS"",Periodontology,https://www.instagram.com/dr.miageisinger/,N/A,N/A,https://www.linkedin.com/in/mia-geisinger-49060a19"
"Dr. Michael K. McGuire,DDS,Periodontology,https://www.instagram.com/michaelmcguiredds/,N/A,N/A,https://www.linkedin.com/in/michael-mcguire-bb554128"
"Dr. Michael Pikos,DDS,Periodontology,https://www.instagram.com/michaelpikosdental/,N/A,https://twitter.com/DrPikos,https://www.linkedin.com/in/michael-pikos-a51a2b16"
"Dr. Michael Richard Ragan,""DMD, JD, LLM"",Periodontology & Legal Practice,N/A,N/A,N/A,https://www.linkedin.com/in/michael-richard-ragan-0354712"
"Dr. Michael Sterling,Periodontist & Sedation Specialist,N/A,N/A,N/A,N/A"
"Dr. Miles Madison,""DDS, MS"",Periodontology,https://www.instagram.com/drmilesmadison/,N/A,N/A,https://www.linkedin.com/in/miles-madison-b0661a1b"
"Dr. Monica P. Gibson,""BDS, PhD, MS, FRCDC"",Periodontal Education & Research,N/A,N/A,N/A,https://www.linkedin.com/in/monica-p-gibson-b295661b"
"Dr. Nada Souccar,""DDS, MS"",Periodontology & Orthodontics,N/A,N/A,N/A,https://www.linkedin.com/in/nada-souccar-6a63751a"
"Dr. Nikolaos Soldatos,""DDS, MSD, PhD"",Periodontology,N/A,N/A,N/A,https://www.linkedin.com/in/nikolaos-soldatos-a3350537"
"Dr. Oliver Pin-Harry,""DDS, MS, Cert. Prostho, FRCD(C)"",Prosthodontics & Interdisciplinary Care,https://www.instagram.com/oliverpinharrystudio/,N/A,N/A,https://www.linkedin.com/in/oliver-pin-harry"
"Dr. Panos N. Papapanou,DDS,Periodontology,N/A,N/A,N/A,https://www.linkedin.com/in/panos-papapanou-1420b414"
"Dr. Paul Fugazzotto,DDS,Periodontology & Implant Reconstruction,N/A,N/A,N/A,https://www.linkedin.com/in/paul-fugazzotto-224aa020"
"Dr. Paul S. Rosen,""DMD, MS"",Periodontology & Implant Dentistry,N/A,N/A,N/A,https://www.linkedin.com/in/paul-s-rosen-0b554b17"
"Dr. Peter C. Fritz,""DDS, PhD, MBA, B.Sc., F.R.C.D.(C)., LLM"",Periodontology & Legal Medicine,N/A,N/A,N/A,https://www.linkedin.com/in/peter-c-fritz-150b9622"
"Dr. Peter T. Green,""DMD, MS, Diplomate ABOMR"",Oral & Maxillofacial Radiology,N/A,N/A,N/A,https://www.linkedin.com/in/peter-t-green-a731746"
"Dr. Philip Kang,DDS,Periodontology,N/A,N/A,N/A,https://www.linkedin.com/in/philip-kang-9a1ab713"
"Dr. Pierpaolo Cortellini,""DMD, DDS"",Periodontology & Regeneration,N/A,N/A,N/A,https://www.linkedin.com/in/pierpaolo-cortellini-401a3120"
"Dr. Rafael Siqueira,""DDS, MS, PhD"",Periodontology,N/A,N/A,N/A,https://www.linkedin.com/in/rafael-siqueira-42147251"
"Dr. Ramzi V. Abou-Arraj,""DDS, MS"",Periodontology & Implant Dentistry,N/A,N/A,N/A,https://www.linkedin.com/in/ramzi-v-abou-arraj-0528b727"
"Dr. Ricardo Kern,MSD Sr.,Esthetic Implantology & Prosthodontics,N/A,N/A,N/A,https://www.linkedin.com/in/ricardo-kern-52588920"
"Dr. Richard Darveau,""MS, PhD"",Microbiology & Immunology,N/A,N/A,N/A,https://www.linkedin.com/in/richarddarveau"
"Dr. Rino Burkhardt,MAS,Microsurgical Periodontology,N/A,N/A,N/A,https://www.linkedin.com/in/rino-burkhardt-83008216"
"Dr. Robert S. Lewando,""DDS, MBA"",Practice Management & Insurance,N/A,N/A,N/A,https://www.linkedin.com/in/robert-s-lewando-7121787"
"Dr. Rocio Beatriz Quinonez,""DMD, MS, MPH"",Periodontal Education & Public Health,N/A,N/A,N/A,https://www.linkedin.com/in/rocio-beatriz-quinonez-77315b6"
"Dr. Roger Arce,""DDS, MS, PhD"",Periodontology & Research,N/A,N/A,N/A,https://www.linkedin.com/in/roger-arce-52443914"
"Dr. Samuel Lynch,""DMD, DMSc"",Translational Medicine & Entrepreneurship,N/A,N/A,N/A,https://www.linkedin.com/in/samuel-lynch-6477124"
"Dr. Sandra Stuhr,""DMD, MS"",Periodontal-Prosthodontic Interdisciplinary Care,N/A,N/A,N/A,https://www.linkedin.com/in/sandra-stuhr-a830e814"
"Dr. Satish S. Kumar,""DMD, MDSc, MS"",Periodontal Education & Clinical Training,N/A,N/A,N/A,https://www.linkedin.com/in/satish-s-kumar-b1875419"
"Dr. Sharon R. Bannister,""DDS, MS"",Periodontology,N/A,N/A,N/A,https://www.linkedin.com/in/sharon-bannister-94340a1a"
"Dr. Stephanie Ganter,""DDS, MS"",Periodontology,https://www.instagram.com/drstephanieganter/,N/A,N/A,https://www.linkedin.com/in/stephanie-ganter-b46a4521"
"Dr. Sukirth M. Ganesan,""DDS, PhD"",Periodontology & Research,N/A,N/A,N/A,https://www.linkedin.com/in/sukirth-m-ganesan-92828997"
"Dr. Susan Somerset,""DMD, PharmD, MS"",Periodontology & Pharmacology,N/A,N/A,N/A,https://www.linkedin.com/in/susan-somerset-41327b9"
"Dr. Theo Katsaros,""DDS, MSD, FRCD(C)"",Periodontology,N/A,N/A,N/A,https://www.linkedin.com/in/theo-katsaros-37842b34"
"Dr. Todd Scheyer,""DDS, MS"",Periodontology,https://www.instagram.com/drtoddscheyer/,N/A,N/A,https://www.linkedin.com/in/todd-scheyer-68882714"
"Dr. Vinay M. Bhide,""DDS, MSc, FRCDC"",Periodontal Surgery & Ridge Augmentation,https://www.instagram.com/vbhideperio/,N/A,N/A,https://www.linkedin.com/in/vinay-m-bhide-339a4033"
"Dr. Vivianne Chappuis,DMD,Oral Surgery & Esthetic Implantology,N/A,N/A,N/A,https://www.linkedin.com/in/vivianne-chappuis-45a7761a"
"Dr. Véronique Benhamou,""BSc, DDS, Cert.Perio"",Periodontology & Systemic Health,N/A,N/A,N/A,https://www.linkedin.com/in/véronique-benhamou-80a69420"
"Dr. Wenche S. Borgnakke,""DDS, MPH, PhD"",Periodontal Medicine,N/A,N/A,N/A,https://www.linkedin.com/in/wenche-s-borgnakke-5869b018"
"Dr. William V. Giannobile,""DDS, DMSc"",Regenerative Medicine & Periodontology,N/A,N/A,N/A,https://www.linkedin.com/in/william-v-giannobile-54720422"
"Dr. Yota Stathopoulou,""DDS, DMD, PhD"",Periodontal Education & Progressive Learning,N/A,N/A,N/A,https://www.linkedin.com/in/yota-stathopoulou-4a33262a"
"Dr. Zeeshan Sheikh,""BDS, MSc, M.Perio, PhD, FIADFE, FRCDC, Dip-ABP"",Periodontology,N/A,N/A,N/A,https://www.linkedin.com/in/zeeshan-sheikh-b60587101"
"George Mandelaris,""DDS, MS"",Periodontal Surgery & Implant Dentistry,https://www.instagram.com/drgeorgemandelaris/,N/A,N/A,https://www.linkedin.com/in/george-mandelaris-406b3514"
"Katrina M. Sanders,""RDH, BSDH, M.Ed, RF"",Dental Hygiene & Patient Communication,https://www.instagram.com/thedentalwinegenist/,N/A,N/A,https://www.linkedin.com/in/katrina-sanders-rdh"
"Kelly Turner,""PME, BA(Kin), RDH"",Dental Hygiene & Periodontal Assessment,N/A,N/A,N/A,https://www.linkedin.com/in/kelly-turner-rdh"
"Michelle Flesch,RDH,Dental Coding & Reimbursement,N/A,N/A,N/A,https://www.linkedin.com/in/michelle-flesch-01757359"
"Michelle Flesch,RDH,Dental Hygiene & Insurance Processing,N/A,N/A,N/A,https://www.linkedin.com/in/michelle-flesch-01757359"
"Michelle Strange,""MSDH, RDH, CDIPC"",Dental Hygiene & Patient Communication,https://www.instagram.com/teethtalkgirl/,N/A,https://twitter.com/teethtalkgirl,https://www.linkedin.com/in/michelle-strange-b4631725"
"Natalyn Lewis,Legal & Financial Consultant,Asset Protection & Tax Strategy,N/A,N/A,N/A,https://www.linkedin.com/in/natalyn-lewis-b82babb"
"Prof. Anton Sculean,""DMD, PhD"",Periodontology,N/A,N/A,N/A,https://www.linkedin.com/in/anton-sculean-a47a87a0"
"Prof. Frank Schwarz,DDS,Oral Surgery & Implantology,N/A,N/A,N/A,https://www.linkedin.com/in/frank-schwarz-dental-research"
"Prof. Lior Shapira,Professor,Periodontology & International Research,N/A,N/A,N/A,https://www.linkedin.com/in/lior-shapira-20776897"
"Prof. Mariano Sanz,""MD, DDS, PhD"",Periodontology,N/A,N/A,N/A,https://www.linkedin.com/in/mariano-sanz-89b26815"
"Prof. Nikolaos Donos,PhD,Periodontology & Implant Dentistry,N/A,N/A,N/A,https://www.linkedin.com/in/nikolaos-donos-95a53258"
"Prof. Tord Berglundh,""DDS, PhD"",Periodontology & Implantology,N/A,N/A,N/A,https://www.linkedin.com/in/tord-berglundh-a2a34813"
"Prof. Wim Teughels,""DDS, PhD"",Periodontology & Oral Microbiology,N/A,N/A,N/A,https://www.linkedin.com/in/wim-teughels-8470544b"
"Ricardo Kern,MSD Sr.,Periodontology,N/A,N/A,N/A,https://www.linkedin.com/in/ricardo-kern-52588920"
"Tiffany Dufu,Leadership Expert,Executive Leadership & Personal Development,https://www.instagram.com/tiffanydufu/,https://www.facebook.com/tiffanydufu,@tiffanydufu,https://www.linkedin.com/in/tiffanydufu"
"Arian B. Deutsch,CDT,Certified Dental Technician,Dental Technology,N/A,N/A,N/A,https://www.linkedin.com/in/ariandeutsch"
"Avinash Bidra,""BDS, MS, FACP"",Professor and Chair,Prosthodontics,N/A,N/A,N/A,https://www.linkedin.com/in/avinash-bidra-b4667430"
"Benjamin Pliska,""DDS, MS, FRCD(C)"",Clinical Professor,Sleep Medicine,N/A,N/A,N/A,https://www.linkedin.com/in/benjamin-pliska-2945708"
"Charles Goodacre,""DDS, MSD, FACP"",Distinguished Professor,Prosthodontics,N/A,N/A,N/A,https://www.linkedin.com/in/charles-goodacre-95b86a20"
"Darin Dichter,DMD,Private Practice,Prosthodontics,N/A,N/A,N/A,https://www.linkedin.com/in/darin-dichter-b771083"
"Douglas Benting,""DDS, MS, FACP"",ACP President,Prosthodontics,N/A,N/A,N/A,https://www.linkedin.com/in/douglas-benting-b4286820"
"Dr. Eva Boldridge,Prosthodontist,Digital Prosthodontics & Removable Prosthetics,N/A,N/A,N/A,https://www.linkedin.com/in/eva-boldridge-49336346"
"Dr. Mariano Polack,Prosthodontist,Prosthodontics & Implant Dentistry,N/A,N/A,N/A,https://www.linkedin.com/in/mariano-polack-40665a15"
"Dr. Michael R. Andersen,Prosthodontist & Maxillofacial Prosthetist,Prosthodontics & Maxillofacial Prosthetics,N/A,N/A,N/A,https://www.linkedin.com/in/michael-r-andersen-727aa149"
"Dr. Roozbeh Khosravi,""Clinical Associate Professor, Orthodontics"",Orthodontics & Sleep Medicine,N/A,N/A,N/A,https://www.linkedin.com/in/roozbeh-khosravi-5671bb7"
"Dr. Roxanna Esguerra,Prosthodontist,Implant Prosthodontics & Phonetics,N/A,N/A,N/A,https://www.linkedin.com/in/roxanna-esguerra-b07b4930"
"Dr. Steve Chu,Prosthodontist,Esthetic Dentistry & Prosthodontics,N/A,N/A,N/A,https://www.linkedin.com/in/steve-chu-84423014"
"Dr. Steven Morgano,Professor,Prosthodontics & Restorative Sciences,N/A,N/A,N/A,https://www.linkedin.com/in/steven-morgano-17489a18"
"Dr. Taylor Jean Manalili,Director of Clinical Prosthodontics,Prosthodontics & Digital Dentistry,N/A,N/A,N/A,https://www.linkedin.com/in/taylor-jean-manalili-868775145"
"Ed McLaren,""DDS, MDC"",Director,Prosthodontics,N/A,N/A,N/A,https://www.linkedin.com/in/ed-mclaren"
"Frank J. Tuminelli,""DMD, FACP"",Clinical Professor,Prosthodontics,N/A,N/A,N/A,https://www.linkedin.com/in/frank-tuminelli-144a37a"
"John Sorensen,""DMD, PhD, FACP"",Professor,Prosthodontics,N/A,N/A,N/A,https://www.linkedin.com/in/john-sorensen-96348618"
"Martin Mendelson,""DDS, CPC, FIADFE"",Dentist,Practice Management,N/A,N/A,N/A,https://www.linkedin.com/in/martin-mendelson-26485a19"
"Philippe Hujoel,""MSD, MS, PhD"",Professor,Oral Health Sciences,N/A,N/A,N/A,https://www.linkedin.com/in/philippe-hujoel-44a69b8"
"Taiseer Sulaiman,""DDS, PhD, FICD"",Professor,Prosthodontics,N/A,N/A,N/A,https://www.linkedin.com/in/taiseer-sulaiman-05a35429"
"Timothy A. Hess,""DDS, MAGD"",Dentist,Esthetic Dentistry,N/A,N/A,N/A,https://www.linkedin.com/in/timothya-hess-b6a4a410"
"Van Ramos Jr.,""DDS, FACP"",Program Chair,Prosthodontics,N/A,N/A,N/A,https://www.linkedin.com/in/van-ramos-jr-4b74406"
"Wei-Shao Lin,""DDS, PhD, MBA, FACP"",Professor,Prosthodontics,N/A,N/A,N/A,https://www.linkedin.com/in/wei-shao-lin-2ab18376"
"Dr. Sara Knox,Oral and Maxillofacial Surgeon,Salivary Gland Preservation,N/A,N/A,N/A,N/A"
"A.J. Peak,""Chief Executive Officer, Peak Dental Services"",Practice Management,N/A,N/A,N/A,https://www.linkedin.com/in/ajpeak"
"Adrian McCovy,Dental Professional,Diversity Leadership,N/A,N/A,N/A,N/A"
"Allison Horn,""Vice President, Marketing"",Dental Marketing,N/A,N/A,N/A,https://www.linkedin.com/in/allison-horn-77a23412"
"Amel Hassan,""DDS, Owner"",Affordable Dentures & Implants,N/A,N/A,N/A,N/A"
"Anthony Kofoworola-Kuti,""President and Clinical Director, 4K Dentistry"",General Dentistry,N/A,N/A,N/A,https://www.linkedin.com/in/anthonykofoworolakuti"
"Anthony Kofoworola-Kuti,""President & Clinical Director, 4K Dentistry"",Emerging Leaders,N/A,N/A,N/A,https://www.linkedin.com/in/anthonykofoworolakuti"
"Anthony Kofoworola-Kuti,Dental Professional,Dental Leadership,N/A,N/A,N/A,https://www.linkedin.com/in/anthonykofoworolakuti"
"Brad Billings,""Co-Founder, Salt Flats Dentistry"",Practice Management,N/A,N/A,N/A,https://www.linkedin.com/in/brad-billings-46633655"
"Bradley Nelson,""Co-Founder and Vice President, Growth"",Positive Impact Dental Alliance,N/A,N/A,N/A,https://www.linkedin.com/in/bradley-nelson-3130b972"
"Burhan Syed,""Chief Executive Officer and President, Rondah AI"",Technology/AI,N/A,N/A,N/A,https://www.linkedin.com/in/burhan-syed-1462166"
"Cami Luljak,""Senior Director, Operations, Imagen Dental Partners"",Practice Management,N/A,N/A,N/A,https://www.linkedin.com/in/cami-luljak-8922a93"
"Catrise Austin,Dental Professional,Patient-First Care,https://www.instagram.com/theceledentist/,N/A,N/A,https://www.linkedin.com/in/catriseaustindds"
"Chick Hoff,""Vice President and Chief Financial Officer, My Orthodontist"",Practice Management,N/A,N/A,N/A,https://www.linkedin.com/in/chick-hoff-657b7422"
"Christopher Brendemuhl,""DMD, Department Chair"",""Dentistry, Valleywise Health Medical Center"",N/A,N/A,N/A,https://www.linkedin.com/in/chris-brendemuhl-a51a8a16"
"Colleen McFarlin,""Vice President, Specialty Division, Dental Care Alliance"",Practice Management,N/A,N/A,N/A,https://www.linkedin.com/in/colleen-mcfarlin-6a5a9a13"
"Cyrus Lee,""DMD, Executive Dental Director"",Kaiser Permanente,N/A,N/A,N/A,https://www.linkedin.com/in/cyrus-lee-2a7b2722"
"Daniel Richards,""Chief Executive Officer, CFO Dental Partners"",Practice Management,N/A,N/A,N/A,https://www.linkedin.com/in/daniel-richards-8710638"
"David Sopp,""Chief Development Officer, Specialty Smile Partners"",Practice Management,N/A,N/A,N/A,https://www.linkedin.com/in/david-sopp-63523113"
"Dean Tassone,""Vice President, Payor Strategy, Dental Care Alliance"",Payor Strategy and Insurance Relations,N/A,N/A,N/A,https://www.linkedin.com/in/dean-tassone-40a2907"
"Dr. Alan S. Law,""Chief Clinical Officer, Specialty Practices, Park Dental Partners"",Endodontics,N/A,N/A,N/A,https://www.linkedin.com/in/alan-law-6a635415"
"Dr. Anna Singh,""Senior Vice President, Clinical Operations, Heartland Dental"",General Dentistry,N/A,N/A,N/A,https://www.linkedin.com/in/anna-singh-12866224"
"Dr. Brent Barta,""Owner & CEO, West 10th Dental Group"",Clinical Leadership,N/A,N/A,N/A,https://www.linkedin.com/in/brent-barta-543a516"
"Dr. Bryan Basom,""Founder, Magnolia Dental"",General Dentistry,N/A,N/A,N/A,https://www.linkedin.com/in/dr-bryan-basom-950859121"
"Dr. Emily Letran,""CEO, Atlantic Children and Family Dental Group; CEO, Sea Breeze Dental"",Pediatric Dentistry,https://www.instagram.com/emilyletrandds/,N/A,https://twitter.com/DrEmilyLetran,https://www.linkedin.com/in/dr-emily-letran-46847610"
"Dr. Geith Kallas,""Founder, Smile Makers Dental Center"",General Dentistry,https://www.instagram.com/smilemakersdentalcenter/,N/A,N/A,https://www.linkedin.com/in/geith-kallas-99360a12"
"Dr. Hisham Barakat,""Chief Clinical Officer, Guardian Dentistry Partners"",General Dentistry,https://www.instagram.com/hishambarakatsmile/,N/A,N/A,https://www.linkedin.com/in/hisham-barakat-5428b679"
"Dr. Jason Genta,""DDS, MBA, Vice President Clinical Affairs, Smile Brands"",General Dentistry,N/A,N/A,N/A,https://www.linkedin.com/in/jason-genta-02821527"
"Dr. Loren Israelsen,""DDS, Founder and CEO"",Positive Impact Dental Alliance,N/A,N/A,N/A,https://www.linkedin.com/in/lorenisraelsen"
"Dr. Louis Kaufman,""Managing Member, Smile Design Studio of Hyde Park LLC"",General Dentistry,https://www.instagram.com/hydepksmiles/,N/A,N/A,https://www.linkedin.com/in/dr-louis-kaufman-9255116"
"Dr. Maria Kunstadter,""Co-Founder & CEO, The TeleDentists"",General Dentistry,https://www.instagram.com/teledentists/,N/A,N/A,https://www.linkedin.com/in/maria-kunstadter-abb9178"
"Dr. Mike Panahi,""Chief Operating Officer, Haworth Capital Dental Partners"",General Dentistry,N/A,N/A,N/A,https://www.linkedin.com/in/mike-panahi-3763a0155"
"Dr. Nimesh Patel,""Chief Operating Officer, Brite Dental Partners"",General Dentistry,N/A,N/A,N/A,https://www.linkedin.com/in/nimesh-patel-dmd"
"Dr. Tammeka Nickleberry,""Chief Executive Officer, TLN Family & Cosmetic Dentistry"",General Dentistry,N/A,N/A,N/A,https://www.linkedin.com/in/drtammekanickleberry"
"Dr. Yahya Mansour,""Co-Founder and Chief Dental Officer, Rodeo Dental & Orthodontics"",General Dentistry,https://www.instagram.com/dr.yahyamansour/,N/A,N/A,https://www.linkedin.com/in/dr-yahya-mansour-804b32108"
"Emily Vanney,Chief Operating and Clinical Officer,Dental Operations,N/A,N/A,N/A,https://www.linkedin.com/in/emily-vanney-92071a43"
"Eric Tobler,Dental Technology Expert,Digital Dentistry,N/A,N/A,N/A,https://www.linkedin.com/in/eric-tobler-6b4a2117"
"Greig Davis,""CPA CVA MST, Managing Partner"",""QX Equities, Flossophy Dental Management"",N/A,N/A,N/A,https://www.linkedin.com/in/greigdavis"
"Haim Haviv,Founder and CEO,Hudson Dental,N/A,N/A,N/A,https://www.linkedin.com/in/haim-haviv-885aa420"
"Heather Foster,CEO,Heritage Dental Group,N/A,N/A,N/A,https://www.linkedin.com/in/heather-foster-58493545"
"Hoss Said,""Vice President, Children's Primary Dental Group"",Practice Management,N/A,N/A,N/A,https://www.linkedin.com/in/hoss-said"
"Jaime Burks,""Senior Director, Operations, Providence Dental Partners"",Practice Management,N/A,N/A,N/A,https://www.linkedin.com/in/jaime-burks-50b13116"
"Jason Korkus,""DDS, President, Sonrisa Family Dental"",General Dentistry and DSO Operations,https://www.instagram.com/jasonkorkusdds/,N/A,N/A,https://www.linkedin.com/in/jason-korkus-7b79063a"
"Jeffrey Tomcsik,""CEO, Grand Dental Group"",Practice Management,N/A,N/A,N/A,https://www.linkedin.com/in/jeffrey-tomcsik-95321715"
"Joe Feldsien,""President, Medical, PDS Health"",Healthcare Administration,N/A,N/A,N/A,https://www.linkedin.com/in/joe-feldsien-5035631b"
"Joseph Kolligian,Dental Professional,Dentistry,N/A,N/A,N/A,N/A"
"Joshua Edward Everts,""DDS, MD, FACS, Chief Clinical Officer, OMS360; Owner and Surgeon, Community Oral Facial Surgery"",Oral and Maxillofacial Surgery,N/A,N/A,N/A,https://www.linkedin.com/in/joshuaeverts"
"Justin Lai,Dental Technology Expert,Digital Dentistry,https://www.instagram.com/dr.justinlai/,N/A,N/A,https://www.linkedin.com/in/drjustinlai"
"Kalpesh Patel,Dental Professional,Patient-First Care,N/A,N/A,N/A,https://www.linkedin.com/in/kalpesh-patel-bb74a58"
"Mark Lakis,CEO,Today's Dental Network,N/A,N/A,N/A,https://www.linkedin.com/in/mark-lakis-b1676210"
"Marlon Brown,Dental Professional,Patient-First Care,N/A,N/A,N/A,N/A"
"Matthew Simko,""Director, Brand Marketing"",Dental Marketing,N/A,N/A,https://twitter.com/matthewsimko,https://www.linkedin.com/in/matthew-simko"
"Michael Acierno,""President & Chief Medical Officer, DecisionOne Dental Partners"",Practice Management,N/A,N/A,N/A,https://www.linkedin.com/in/michael-acierno-27a68816"
"Nick N. Khalili,""MST, MBA, CM&AA, CFO, Cornerstone Group"",Finance,N/A,N/A,N/A,https://www.linkedin.com/in/nicknkhalili"
"Peter Swenson,CEO,Dental Management,N/A,N/A,N/A,https://www.linkedin.com/in/peter-swenson-7b135416"
"Phil Cassis,""Co-Founder & CEO, Providence Dental Partners"",DSO Leadership,N/A,N/A,N/A,https://www.linkedin.com/in/philip-cassis-b5a32412"
"Rose House,""Regional Director, Operations, Illinois, P1 Dental Partners"",Practice Management,N/A,N/A,N/A,https://www.linkedin.com/in/rose-house-314b2317"
"Sara Mahmood,""DDS, MS, MAGD, CEO & President"",brush365,https://www.facebook.com/brush365dental,N/A,https://www.linkedin.com/in/sara-mahmood-b892a470"
"Sarah Cottingham,""Chief Operating Officer, Dental Design Studios"",Dental Hygiene,N/A,N/A,N/A,https://www.linkedin.com/in/sarah-cottingham-70776065"
"Sodabeh Etminan,""DMD, MPH, Senior Director, University of Illinois"",Dentistry,N/A,N/A,N/A,https://www.linkedin.com/in/sodabeh-etminan-1395618"
"Stacia Edmond,Dental Professional,Diversity Leadership,N/A,N/A,N/A,N/A"
"Sundeep Rawal,""SVP, Implant Support Services"",Dental Leadership,https://www.instagram.com/drsundeeprawal/,N/A,https://twitter.com/DrSundeepRawal,https://www.linkedin.com/in/sundeep-rawal-17b38726"
"Troy Aikman,""Pro Football Hall of Fame Quarterback, ESPN"",Celebrity Keynote,N/A,N/A,https://twitter.com/TroyAikman,https://www.linkedin.com/in/troy-aikman-487b9b18"
"Wayne Silverman,""DDS, Chief Dental Officer, Collective Care Dental"",Dental Insurance and Payer Relations,N/A,N/A,N/A,https://www.linkedin.com/in/wayne-silverman-55544418"
"Dr. Allison Rascon,DDS,General & Digital Dentistry,https://www.instagram.com/drallisonrascon/,N/A,N/A,https://www.linkedin.com/in/allison-rascon-18970322"
"Jessica Russell,Product Specialist,Product Management,N/A,N/A,N/A,https://www.linkedin.com/in/jessica-russell-54b83714"
"Marisa Notturno,""CDT, RDH, MS"",Dental Hygiene & Team Workflows,N/A,N/A,N/A,https://www.linkedin.com/in/marisa-notturno-180b4316"
"Ed Khalameizer,Digital Services Specialist,Digital Lab Services,N/A,N/A,N/A,https://www.linkedin.com/in/ed-khalameizer-9b8a1412"
"Julie Brossoit,Digital Services Specialist,Digital Lab Services,N/A,N/A,N/A,https://www.linkedin.com/in/julie-brossoit-80b51811"
"Michael Wagner,Technical Specialist,MEDENTiKA Systems,N/A,N/A,N/A,https://www.linkedin.com/in/michael-wagner-362722112"
"Raffi Aghvinian,""CDT, Digital Innovation Leader"",3D Printing and Automation,N/A,N/A,N/A,https://www.linkedin.com/in/raffi-aghvinian-5846b512"
"Robyn Gannaway,Sales Consultant,Business Development,N/A,N/A,N/A,https://www.linkedin.com/in/robyn-gannaway-2a791114"
"Dr. E. Armand Bedrossian,Oral and Maxillofacial Surgeon,Oral and Maxillofacial Surgery,https://www.instagram.com/armand_bedrossian/,N/A,N/A,https://www.linkedin.com/in/armand-bedrossian-27060016"