Category,Topic Name
Implant Dentistry,Implant Dentistry
Implant Dentistry,Implant Surgery
Implant Dentistry,Implant Prosthodontics
Implant Dentistry,Zygomatic Implants
Implant Dentistry,Implant Complications
Implant Dentistry,Periodontology & Implant Dentistry
Implant Dentistry,Pterygoid Implants
Implant Dentistry,Dental Implants
Implant Dentistry,Digital Implantology
Implant Dentistry,Implantology
Implant Dentistry,Complete-Arch Implant Rehabilitation
Implant Dentistry,Dental Implant Surgery
Implant Dentistry,Digital Implant Rehabilitation
Implant Dentistry,Immediate Implant Placement
Implant Dentistry,Implant Esthetics
Implant Dentistry,Implant Reconstruction
Implant Dentistry,AAID Implant Protocols
Implant Dentistry,AI in Implant Dentistry
Implant Dentistry,Advanced Implant Placement
Implant Dentistry,Advanced Implant Surgery
Implant Dentistry,Advanced Implant Therapy
Implant Dentistry,Aesthetic Implant Dentistry
Implant Dentistry,Aesthetic Implant Management
Implant Dentistry,Affordable Dentures & Implants
Implant Dentistry,All-on-4 Implants
Implant Dentistry,All-on-X Implants
Implant Dentistry,Anesthetic Approaches in Implants
Implant Dentistry,Biocompatible Implant Solutions
Implant Dentistry,Ceramic Zirconia Implants
Implant Dentistry,Clinical Implant Protocols
Implant Dentistry,Clinical Implant Research
Implant Dentistry,Clinical Implantology
Implant Dentistry,Complex Implant Cases
Implant Dentistry,Complex Implant Techniques
Implant Dentistry,Complex Implant Therapies
Implant Dentistry,Complex Implantology
Implant Dentistry,Comprehensive Dentistry & Implant Engineering
Implant Dentistry,Contemporary Implant Practice
Implant Dentistry,Cosmetic and Implant Dentistry
Implant Dentistry,Custom Implants
Implant Dentistry,Dental Implant Aesthetics
Implant Dentistry,Dental Implant Market Analysis
Implant Dentistry,Dental Implant Surgery and Bone Grafting
Implant Dentistry,Digital Full Arch Implant Procedures
Implant Dentistry,Digital Implant Dentistry
Implant Dentistry,Digital Implant Technology
Implant Dentistry,Digital Implants
Implant Dentistry,Efficient Implant Workflows
Implant Dentistry,Endosseous Implant Surgery
Implant Dentistry,Esthetic Implant Complications
Implant Dentistry,Esthetic Implant Therapy
Implant Dentistry,Esthetic Implantology
Implant Dentistry,Esthetic Implantology & Prosthodontics
Implant Dentistry,Esthetic Zone Implants
Implant Dentistry,Evidence-based Dental Implants
Implant Dentistry,Extramaxillary Implants
Implant Dentistry,Full Arch Implant Dentistry
Implant Dentistry,Full Arch Implant Procedures
Implant Dentistry,Full Arch Implant Rehab
Implant Dentistry,Full Arch Implant Rehabilitation
Implant Dentistry,Full Arch Implant Therapy
Implant Dentistry,Full Arch Implants
Implant Dentistry,Full-Arch Implant Prosthodontics
Implant Dentistry,Full-Arch Implant Protocols
Implant Dentistry,Full-Arch Implantology
Implant Dentistry,Full-Arch Implants
Implant Dentistry,Full-Time Implantology
Implant Dentistry,Guided Implant Surgery
Implant Dentistry,Implant Assessment
Implant Dentistry,Implant Controversies
Implant Dentistry,Implant Decontamination
Implant Dentistry,Implant Dentistry and Surgical Training
Implant Dentistry,Implant Education
Implant Dentistry,Implant Maintenance
Implant Dentistry,Implant Placement
Implant Dentistry,Implant Planning
Implant Dentistry,Implant Preservation
Implant Dentistry,Implant Prosthetic Principles
Implant Dentistry,Implant Prosthetics
Implant Dentistry,Implant Prosthodontics & Phonetics
Implant Dentistry,Implant Rehabilitation
Implant Dentistry,Implant Research and Innovation
Implant Dentistry,Implant Restoration Management
Implant Dentistry,Implant Science
Implant Dentistry,Implant Site Preparation
Implant Dentistry,Implant Success
Implant Dentistry,Implant Surgery and Bone Regeneration
Implant Dentistry,Implant Surgery and Reconstructive Dentistry
Implant Dentistry,Implant Surgical Guides
Implant Dentistry,Implant Technology
Implant Dentistry,Implant Therapy
Implant Dentistry,Implant Therapy Complications
Implant Dentistry,Implant and Reconstructive Dentistry
Implant Dentistry,Implant-supported Prostheses
Implant Dentistry,Oral Implantology
Implant Dentistry,Oral Surgery and Implant Education
Implant Dentistry,Peri-Implantitis
Implant Dentistry,Peri-Implantitis Treatment
Implant Dentistry,Peri-implant Disease
Implant Dentistry,Peri-implantitis
Implant Dentistry,Peri-implantitis Management
Implant Dentistry,Peri-implantitis Treatment
Implant Dentistry,Periodontics & Implantology
Implant Dentistry,Periodontology & Implant Surgery
Implant Dentistry,Precision Implantology
Implant Dentistry,Prosthodontics and Implant Dentistry
Implant Dentistry,Prosthodontics and Implant Esthetics
Implant Dentistry,Reconstructive and Implant Dentistry
Implant Dentistry,Restorative vs Implant Therapy
Implant Dentistry,Sub-periosteal Implants
Implant Dentistry,Subperiosteal Implants
Implant Dentistry,Surgical Implant Solutions
Implant Dentistry,Team-Based Implant Care
Implant Dentistry,Teeth vs Implants
Implant Dentistry,Tilted Implants in Maxilla
Implant Dentistry,Trans-Nasal Implants
Implant Dentistry,Zygomatic Implant Specialist
Implant Dentistry,Implant Aesthetics
Implant Dentistry,Implant Lab Collaboration
Implant Dentistry,Implant-supported Prosthetics
Implant Dentistry,Pterygoid & Zygomatic Implants
Implant Dentistry,Telescopic Implant Solutions
Implant Dentistry,Zygomatic & Pterygoid Implants
Periodontics,Periodontology
Periodontics,Periodontics
Periodontics,Military Periodontics
Periodontics,Periodontal Regeneration
Periodontics,Periodontal Research
Periodontics,Clinical Periodontics
Periodontics,Periodontal Plastic Surgery
Periodontics,Periodontal Surgery
Periodontics,Periodontology & Research
Periodontics,Periodontal Education
Periodontics,Periodontal Innovation
Periodontics,Advanced Periodontal Therapy
Periodontics,Periodontology & Public Health
Periodontics,Periodontology Research
Periodontics,3D Printing in Periodontics
Periodontics,Academic Periodontology
Periodontics,Advanced Periodontal Procedures
Periodontics,Advanced Periodontal Therapies
Periodontics,Advanced Periodontology
Periodontics,Board Preparation for Periodontists
Periodontics,Chronic Periodontitis Management
Periodontics,Clinical Innovation in Periodontology
Periodontics,Clinical Periodontal Protocols
Periodontics,Clinical Periodontal Research
Periodontics,Clinical Periodontal Therapy
Periodontics,Clinical Trials in Periodontology
Periodontics,Dental Hygiene & Periodontal Assessment
Periodontics,Drug Mechanisms in Periodontics
Periodontics,Epidemiological Periodontal Research
Periodontics,Esthetic Periodontal Procedures
Periodontics,Evidence-Based Periodontal Care
Periodontics,Evidence-Based Periodontal Practice
Periodontics,Evidence-Based Periodontal Treatments
Periodontics,Innovation in Periodontal Therapy
Periodontics,Interdisciplinary Periodontics
Periodontics,Microsurgical Periodontology
Periodontics,Multidisciplinary Periodontal Care
Periodontics,Periodonal Assessment
Periodontics,Periodontal Complexities
Periodontics,Periodontal Disease Management
Periodontics,Periodontal Disease Research
Periodontics,Periodontal Education & Clinical Training
Periodontics,Periodontal Education & Public Health
Periodontics,Periodontal Education & Research
Periodontics,Periodontal Literature
Periodontics,Periodontal Medicine
Periodontics,Periodontal Microbiology
Periodontics,Periodontal Practice
Periodontics,Periodontal Research & Pharmacology
Periodontics,Periodontal Sur+B436:B455gery
Periodontics,Periodontal Surgical Techniques
Periodontics,Periodontal Therapy
Periodontics,Periodontal-Prosthodontic Collaboration
Periodontics,Periodontal-Prosthodontic Interdisciplinary Care
Periodontics,Periodontics Department Leadership
Periodontics,Periodontology & AI Research
Periodontics,Periodontology & Business Management
Periodontics,Periodontology & Dental Hygiene Education
Periodontics,Periodontology & Legal Medicine
Periodontics,Periodontology & Legal Practice
Periodontics,Periodontology & Medical Education
Periodontics,Periodontology & Microsurgery
Periodontics,Periodontology & Orthodontics
Periodontics,Periodontology & Pharmacology
Periodontics,Periodontology & Regeneration
Periodontics,Periodontology & Tissue Engineering
Periodontics,Public Health in Periodontics
Periodontics,Regenerative Periodontal Procedures
Periodontics,Regenerative Periodontics
Periodontics,Research in Periodontal Therapies
Periodontics,Sedation in Periodontology
Periodontics,Surgical Periodontal Therapy
Periodontics,Surgical Periodontics
Periodontics,Translational Periodontal Science
Periodontics,Multidisciplinary Periodontal & Prosthodontic Cases
Periodontics,Periodontology & Systemic Health
Periodontics,Research in Periodontal Therapy
Prosthodontics,Prosthodontics
Prosthodontics,Advanced Prosthodontics
Prosthodontics,Digital Prosthodontics
Prosthodontics,Prosthodontic Decision Making
Prosthodontics,Advanced Prosthodontic Treatments
Prosthodontics,Board Certification in Prosthodontics
Prosthodontics,Clinical Prosthodontics
Prosthodontics,Complex Esthetic Prosthodontics
Prosthodontics,Conical & Telescopic Prosthodontics
Prosthodontics,Digital Prosthodontic Materials
Prosthodontics,Fixed vs Removable Prosthodontics
Prosthodontics,Full Arch Prosthodontics
Prosthodontics,Full-Arch Fixed Prosthodontics
Prosthodontics,Maxillofacial Prosthodontics
Prosthodontics,Perio-Prosthodontic Integration
Prosthodontics,Perio-Prosthodontics
Prosthodontics,Prosthodontic Exams
Prosthodontics,Prosthodontic Innovation and Discussions
Prosthodontics,Prosthodontic Innovations
Prosthodontics,Prosthodontic Laboratory Techniques
Prosthodontics,Prosthodontic Outcomes
Prosthodontics,Prosthodontic Support
Prosthodontics,Prosthodontics & Digital Dentistry
Prosthodontics,Prosthodontics & Interdisciplinary Care
Prosthodontics,Prosthodontics & Maxillofacial Prosthetics
Prosthodontics,Prosthodontics & Restorative Sciences
Prosthodontics,Prosthodontics Leadership
Prosthodontics,Prosthodontics in the Digital Age
Prosthodontics,Removable Prosthodontics
Prosthodontics,Telescopic Prosthodontics
Orthodontics,Orthodontics
Orthodontics,Adult Orthodontics
Orthodontics,Airway Orthodontics
Orthodontics,Digital Orthodontics
Orthodontics,Interdisciplinary Orthodontic Treatment
Orthodontics,Interdisciplinary Orthodontics
Orthodontics,Orthodontics & Sleep Collaboration
Orthodontics,Orthodontics & Sleep Medicine
Orthodontics,Surgical-Orthodontic Synergy
Endodontics,Endodontics
Endodontics,Innovations in Endodontics
Oral Surgery,Oral Surgery
Oral Surgery,Oral and Maxillofacial Surgery
Oral Surgery,Maxillofacial Surgery
Oral Surgery,Advanced Surgery
Oral Surgery,Oral Surgery Education
Oral Surgery,3D Model Surgery
Oral Surgery,Advanced Oral Surgery
Oral Surgery,Cleft and Craniofacial Surgery
Oral Surgery,Complex Oral Surgery
Oral Surgery,Complex Surgery Trends
Oral Surgery,Craniomaxillofacial Surgery
Oral Surgery,Navigated Surgery
Oral Surgery,Obstructive Sleep Apnea Surgery
Oral Surgery,Office-Based Surgery
Oral Surgery,Oral Surgery Collaboration
Oral Surgery,Oral Surgery Team Readiness
Oral Surgery,Orthognathic Surgery
Oral Surgery,Pediatric Oral Surgery
Oral Surgery,Reconstructive Surgery
Oral Surgery,Robotics in Oral Surgery
Oral Surgery,Oral & Maxillofacial Surgery
Digital Dentistry,Digital Workflows
Digital Dentistry,Digital Dentistry
Digital Dentistry,Digital Smile Design
Digital Dentistry,Digital Transformation
Digital Dentistry,Digital Full-Arch Workflows
Digital Dentistry,Digital Treatment Planning
Digital Dentistry,Digital Workflow
Digital Dentistry,Digital Workflow Integration
Digital Dentistry,Aesthetic Digital Prosthetics
Digital Dentistry,Comprehensive Digital Treatment
Digital Dentistry,Digital All-on-X
Digital Dentistry,Digital Dental Technology
Digital Dentistry,Digital Innovations in Dentistry
Digital Dentistry,Digital Interdisciplinary Treatment
Digital Dentistry,Digital Lab Management
Digital Dentistry,Digital Lab Services
Digital Dentistry,Digital Lab Technologies
Digital Dentistry,Digital Materials
Digital Dentistry,Digital Occlusion
Digital Dentistry,Digital Planning
Digital Dentistry,Digital Removable Partial Dentures
Digital Dentistry,Digital Software
Digital Dentistry,Digital Technologies
Digital Dentistry,Digital Technology
Digital Dentistry,Digital Technology Validation
Digital Dentistry,Digital Technology in Dentistry
Digital Dentistry,Digital Treatment Design
Digital Dentistry,Digital Treatment Solutions
Digital Dentistry,General & Digital Dentistry
Digital Dentistry,Digital Dentistry Advances
Technology & Innovation,CAD/CAM Technology
Technology & Innovation,3D Imaging
Technology & Innovation,3D Printing
Technology & Innovation,AI Technology
Technology & Innovation,Ceramic Technology
Technology & Innovation,Dental Laboratory Technology
Technology & Innovation,Lab Technology
Technology & Innovation,3D AI Segmentation
Technology & Innovation,3D Printing and Automation
Technology & Innovation,Academic Curriculum Development
Technology & Innovation,Academic Dentistry Leadership
Technology & Innovation,Academic Education
Technology & Innovation,Academic Instruction
Technology & Innovation,Academic Leadership
Technology & Innovation,Academic Mentorship
Technology & Innovation,Academic Writing
Technology & Innovation,Academy Leadership
Technology & Innovation,Adhesive Technology
Technology & Innovation,Advanced Dental Technology
Technology & Innovation,CAD-CAM Technology
Technology & Innovation,CAD/CAM Prosthetics
Technology & Innovation,Gender Parity in Dental Academia
Technology & Innovation,Material Technology
Technology & Innovation,OMS Technology Integration
Technology & Innovation,Scan-to-Smile Technology
Technology & Innovation,Technology Innovation
Technology & Innovation,Technology Integration
Technology & Innovation,Technology/AI
Technology & Innovation,X-Guide Technology
Technology & Innovation,Advanced Technology
Technology & Innovation,Dental AI Technology
Technology & Innovation,Dental Technology Implementation
Technology & Innovation,Esthetic Dental Technology Collaboration
Technology & Innovation,Hands-On Dental Technology Training
Technology & Innovation,Virtual Patient Technology
Esthetic Dentistry,Esthetic Dentistry
Esthetic Dentistry,Cosmetic Dentistry
Esthetic Dentistry,Aesthetic Ceramics
Esthetic Dentistry,Aesthetic Dentistry
Esthetic Dentistry,Aesthetic Dentistry 4.0
Esthetic Dentistry,Aesthetic Prosthetics
Esthetic Dentistry,Complex Esthetic Cases
Esthetic Dentistry,Complex Esthetic Restorations
Esthetic Dentistry,Cosmetic Dental Procedures
Esthetic Dentistry,Cosmetic Innovation
Esthetic Dentistry,Dental Aesthetics
Esthetic Dentistry,Esthetic Denture Solutions
Esthetic Dentistry,Esthetic Procedures
Esthetic Dentistry,Esthetic Rehabilitation
Esthetic Dentistry,Esthetic Restorations
Esthetic Dentistry,Facial Aesthetics
Esthetic Dentistry,Facial Cosmetics
Esthetic Dentistry,Modern Esthetic Solutions
Esthetic Dentistry,Modern Esthetic Techniques
Esthetic Dentistry,Esthetic Zone Challenges
Full Arch Rehabilitation,Full Arch Rehabilitation
Full Arch Rehabilitation,All-on-4 Treatment
Full Arch Rehabilitation,All-On-4
Full Arch Rehabilitation,All-on-X
Full Arch Rehabilitation,Complex Full Arch Cases
Full Arch Rehabilitation,Full Arch Immediate Load
Full Arch Rehabilitation,Full Arch Practice Growth
Full Arch Rehabilitation,Full Arch Restoration
Bone Grafting & Regeneration,Regenerative Therapy
Bone Grafting & Regeneration,Bone Grafting
Bone Grafting & Regeneration,Soft Tissue Grafting
Bone Grafting & Regeneration,Guided Bone Regeneration
Bone Grafting & Regeneration,Regenerative Medicine
Bone Grafting & Regeneration,Regenerative Procedures
Bone Grafting & Regeneration,Bone Reconstruction
Bone Grafting & Regeneration,Bone Regeneration
Bone Grafting & Regeneration,Bone Structure Studies
Bone Grafting & Regeneration,Horizontal and Vertical Bone Grafts
Bone Grafting & Regeneration,Minimally Invasive Grafting
Bone Grafting & Regeneration,Regeneration Procedures
Bone Grafting & Regeneration,Regeneration Therapies
Bone Grafting & Regeneration,Regenerative Dental Medicine
Bone Grafting & Regeneration,Regenerative Research
Bone Grafting & Regeneration,Regenerative Therapies
Bone Grafting & Regeneration,Tissue Regeneration
Anesthesia & Sedation,Sedation Dentistry
Anesthesia & Sedation,Emergency Airway Management
Anesthesia & Sedation,Anesthesia Protocols
Anesthesia & Sedation,Anesthesia Training
Anesthesia & Sedation,Anxiety Management
Anesthesia & Sedation,Airway Management
Anesthesia & Sedation,Airway and Smile Integration
Anesthesia & Sedation,Ambulatory Anesthesia
Anesthesia & Sedation,Anesthesia
Anesthesia & Sedation,Anesthesia Assistance
Anesthesia & Sedation,Anesthesia Education
Anesthesia & Sedation,Anesthesiology in Dentistry
Anesthesia & Sedation,Emergency Airway Simulation
Anesthesia & Sedation,Interdisciplinary Airway Management
Anesthesia & Sedation,Modern Sedation Techniques
Anesthesia & Sedation,Office-Based Anesthesia
Anesthesia & Sedation,Oral Conscious Sedation
Anesthesia & Sedation,Safe Sedation Protocols
Anesthesia & Sedation,Sedation
Anesthesia & Sedation,Sedation & Anxiety Management
Sleep Medicine,Sleep Medicine
Sleep Medicine,Dental Sleep Medicine
Sleep Medicine,Dental Sleep Solutions
Sleep Medicine,DSO Sleep Integration
Sleep Medicine,Integrated Sleep Dentistry
Sleep Medicine,Patient Screening for Sleep Disorders
Sleep Medicine,Sleep Apnea Practice Growth
Sleep Medicine,Sleep Disorder Treatment
Sleep Medicine,Sleep Medicine Consultant
Sleep Medicine,Sleep-related Breathing Disorders
Practice Management,Practice Management
Practice Management,Practice Growth
Practice Management,Practice Leadership
Practice Management,Business Development
Practice Management,DSO Strategy
Practice Management,Complex Case Management
Practice Management,Dental Group Operations
Practice Management,Dental Practice Operations
Practice Management,Dental Risk Management
Practice Management,Practice Startups
Practice Management,AI in Clinical Practice
Practice Management,Anxiety Management
Practice Management,Best Practices
Practice Management,Bruxism Management
Practice Management,Business Aspects
Practice Management,Business Consultant
Practice Management,Change Management
Practice Management,Clinical Practice
Practice Management,Clinical Practice Management
Practice Management,Complication Management
Practice Management,DSO Evolution
Practice Management,DSO Evolution Strategy
Practice Management,DSO Future Strategist
Practice Management,DSO Future Trends
Practice Management,DSO Growth & Acquisitions
Practice Management,DSO Growth Specialist
Practice Management,DSO Growth Strategist
Practice Management,DSO Leadership
Practice Management,DSO Management
Practice Management,DSO Operations
Practice Management,DSO Penetration
Practice Management,DSO Specialty Management
Practice Management,Dental Business Development
Practice Management,Dental Business Models
Practice Management,Dental Group Management
Practice Management,Dental Lab Management
Practice Management,Dental Management
Practice Management,Dental Practice Assessment
Practice Management,Dental Practice Entrepreneurship
Practice Management,Dental Practice Growth
Practice Management,Dental Practice Leadership
Practice Management,Dental Practice Partnerships
Practice Management,Dental Team Management
Practice Management,Diagnosis and Management
Practice Management,Driving Practice Success
Practice Management,Emergency Dental Management
Practice Management,Emergency Preparedness in Dental Practice
Practice Management,Evidence-Based Practice
Practice Management,Forum Management
Practice Management,Gum Disease Management
Practice Management,Hard and Soft Tissue Management
Practice Management,Interdisciplinary Case Management
Practice Management,Lateral Incisor Management in Cleft Patients
Practice Management,Management
Practice Management,Management of Dental Complications
Practice Management,Multi-Specialty Practice Management
Practice Management,Multidisciplinary Practice
Practice Management,Multisite Practice Management
Practice Management,OSA Management
Practice Management,Operations Management
Practice Management,Patient-First Dental Practices
Practice Management,Practice Acquisition
Practice Management,Practice Adaptation Strategies
Practice Management,Practice Automation
Practice Management,Practice Culture & Transformation
Practice Management,Practice Development
Practice Management,Practice Excellence Coach
Practice Management,Practice Integration
Practice Management,Practice Longevity
Practice Management,Practice Operations
Practice Management,Practice Philosophy
Practice Management,Practice Revenue Growth
Practice Management,Practice Risk Reduction
Practice Management,Practice Scalability
Practice Management,Product Management
Practice Management,Soft Tissue Management
Practice Management,Surgical Case Management
Practice Management,Team Management & Leadership Expert
Practice Management,Tech in Group Practice Management
Practice Management,Tissue Management
Practice Management,Wealth Management
Practice Management,AI in Risk Management
Practice Management,Automation Solutions for Dental Practices
Practice Management,Dental Practice Management
Practice Management,Insurance Relations in Group Practice
Practice Management,Practice Growth Strategies
Practice Management,Specialty Growth for Group Practices
Education & Training,Clinical Research
Education & Training,Clinical Education
Education & Training,Faculty Development
Education & Training,Oral Surgery Education
Education & Training,Surgical Training
Education & Training,Team Education
Education & Training,Team Training
Education & Training,AAID Educational Standards
Education & Training,Clinical Dental Education
Education & Training,Clinical Educational Strategies
Education & Training,Clinical Team Training
Education & Training,Dental Education
Education & Training,Dental Education Legacy
Education & Training,Dental Sales Training
Education & Training,Graduate Training
Education & Training,Hands-On Training
Education & Training,ITI Education
Education & Training,MaxiCourse Education
Education & Training,Residency Training
Education & Training,Sales Training
Education & Training,Simulation Training
Education & Training,Skills Lab Training
Education & Training,Skills Training
Education & Training,Training Program Development
Education & Training,Training Programs
Education & Training,Training Strategies
Education & Training,Workforce Training
Education & Training,Interdisciplinary Education
Research,Clinical Research
Research,AI-Powered Research
Research,Chair-based Clinical Research
Research,Clinical Research Methods
Research,Dental Research
Research,International Research
Research,Microbiome Research
Research,Research
Research,Research Methodology
Research,Research Methods
Research,Research and Development
Research,Research in Scanning
Research,Research-Driven Therapy
Leadership,Dental Leadership
Leadership,AAP Leadership
Leadership,Clinical Chair Leadership
Leadership,Clinical Leadership
Leadership,Crisis Leadership
Leadership,Dental Association Leadership
Leadership,Dental Executive Leadership
Leadership,Dental Leadership Advisor
Leadership,Dental Leadership Development
Leadership,Diversity Leadership
Leadership,Executive Coaching
Leadership,Executive Leadership
Leadership,Healthcare Leadership
Leadership,Industry Leadership
Leadership,Financial Leadership
AI & Innovation,AI Technology
AI & Innovation,AI in Clinical Practice
AI & Innovation,AI in Dentistry
AI & Innovation,Artificial Intelligence in Dentistry
AI & Innovation,Current Trends in AI Integration
AI & Innovation,Data-Driven Innovation
AI & Innovation,Innovation
AI & Innovation,Innovation in Young Professionals
AI & Innovation,Innovations for Dental Labs
AI & Innovation,Innovations in Endodontics
AI & Innovation,Innovative Restorative Materials
AI & Innovation,Innovative Treatments
