"Name,Accurate Speaking Topics"
"A.J. Peak,DSO Growth & Acquisitions; Practice Scalability; De Novo Dental Startups; Tech in Group Practice Management"
"Adrian McCovy,Diversity in Dentistry; Leadership Empowerment; Practice Culture & Transformation"
"Aleksandra Polcynsky,Dental Implant Market Analysis; Aesthetic Digital Prosthetics; Advanced Dental Ceramics; Digital Workflow Integration"
"Alexander Einbinder,Practice Acquisition; DSO Strategy; Dental Group Operations; Building & Managing Teams"
"Alexander Wuensche,New Dental Materials; Digital Lab Technologies; Equipment Demonstration; Full-Arch Prosthetics"
"Alicia Kieffer,Patient-First Dental Practices; DSO Leadership; Revenue Cycle Innovation; Operational Excellence"
"Allen Robinson,Robotics in Oral Surgery; OMS Technology Integration; Neocis Systems"
"Allison Horn,Dental Marketing Trends; Growth Hacking Dental Brands; Patient Acquisition"
"Amanda Cole Hill,Dental Hygiene; Infection Control; Waterline Safety; CDIPC Standards"
"Arian B. Deutsch, CDT,Removable Prosthetics; Telescopic Implant Solutions; Esthetic Dental Technology Collaboration"
"Arthur W. Curley, JD,Dental/Medical Liability; Healthcare Law; AI in Risk Management; Ethics in Dentistry"
"Avi Weisfogel,Dental Sleep Medicine; Sleep Apnea Practice Growth; Patient Screening for Sleep Disorders"
"Avinash Bidra, BDS, MS, FACP,Implant Prosthodontics; Complex Full-Arch Rehabs; Pterygoid & Zygomatic Implants"
"Brad Billings,Practice Management; Dental Business Models"
"Brandon Dickerman,Lab Equipment Innovations; Hands-On Dental Technology Training"
"Burhan Syed,Dental AI Technology; Automation Solutions for Dental Practices"
"CPT Andrew Egger,Military Periodontics; Clinical Innovation; Research Methods"
"CPT Denise Cacho,Military Periodontics; Periodontal Innovation; Clinical Research"
"CPT Justin Galliani,Military Periodontics; Periodontal Research; Clinical Innovation"
"Cami Luljak,Dental Practice Management; Operational Excellence for DSOs"
"Capt Jess Cayetano,Military Periodontics; Clinical Research; Treatment Innovation"
"Capt Luke Seiler,Military Periodontics; Periodontal Research; Clinical Innovation"
"Capt Victoria Wei,Military Periodontics; Periodontal Innovation; Clinical Research"
"Charles Banh,Digital Full-Arch Workflows; Lab Technology; Straumann Systems Integration"
"Charles Goodacre, DDS, MSD, FACP,Prosthodontics; Fixed and Removable Prosthetics"
"Chick Hoff,DSO and Orthodontic Practice Management; Financial Leadership"
"Christie Fink,Dental Sleep Solutions; Integrated Sleep Dentistry"
"Colleen McFarlin,Practice Management; Specialty Dental Operations"
"Daniel Richards,Dental Practice Management; Practice Growth Strategies"
"Daniel Tataje,Leadership Excellence; Dental Team Coaching"
"Darin Dichter, DMD,Prosthodontics; Removable/Fixed Prosthetics; Advanced Techniques"
"David Sopp,Practice Management; Specialty Growth for Group Practices"
"Dean Tassone,Dental Payor Strategies; Insurance Relations in Group Practice"
"Douglas Benting, DDS, MS, FACP,Prosthodontics; Implant Prosthodontics; Full-Arch Rehabilitation"
"Dr. Acela Martinez,Implant Dentistry; Digital Dentistry; 3D Printing in Periodontics; Bone Regeneration"
"Dr. Adam Saltz,Periodontology; Public Health in Periodontics; Interdisciplinary Collaboration"
"Dr. Agne Malisauskiene,Direct Anterior Restorations; Minimally Invasive Techniques"
"Dr. Ahmad Kutkut,Implant Complications; Tooth Condition Changes; Decay Prevention"
"Dr. Ahmet Orgev,AI in Implant Dentistry; Current Trends in AI Integration"
"Dr. Alan S. Law,Endodontics; Root Canal Therapy; Innovations in Endodontics"
"Dr. Alex Gillone,Periodontics; Implant Surgery; Regenerative Procedures"
"Dr. Alexandra Tsigarda,Peri-Implantitis; Periodontal Regeneration; Microbiology; Implant Decontamination"
"Dr. Algirdas Puisys,Peri-Implantitis Treatment; Complication Management"
"Dr. Allie Rascon,Periodontics; Implant Dentistry; Regenerative Therapy; Digital Dentistry; Full Arch Rehabilitation"
"Dr. Allison Rascon,General & Digital Dentistry; Patient-Centered Care"
"Dr. Alonso Carrasco-Labra,Evidence-Based Dentistry; AI-Powered Research; Systematic Reviews"
"Dr. Alvaro Blasi,Interdisciplinary Orthodontics; Complex Case Management"
"Dr. Aman S. Bhullar,Full-Time Implantology; Practice Management; Dental Business Development"
"Dr. Amanda Finger Stadler,Periodontal Education; Assessment Standards in Dental Curriculum"
"Dr. Amara Abreu-Serrano,Cleft Lip/Palate Specialist; Lateral Incisor Management in Cleft Patients"
"Dr. Amel Hassan,Affordable Dentures & Implants; Practice Growth"
"Dr. Andrea Ravida,Peri-implantitis Management; Surgical Therapy; Prosthetic Rehabilitation"
"Dr. Andrea Ricci,Restoration of Terminal Dentition; Implant Prosthodontics"
"Dr. Andy Burton,Restorative Dentistry; Modern Esthetic Techniques"
"Dr. Angel Garcia-Cańas,Implant Dentistry; Contemporary Techniques; Innovation in Young Professionals"
"Dr. Angela A. Palaiologou-Gallis,Periodontology; Clinical Education; Board Preparation"
"Dr. Anna Singh,General Dentistry; Strategic Operations"
"Dr. Anthony Kofoworola-Kuti,General Dentistry; Clinical Practice Management"
"Dr. Anthony Sallustio,Prosthodontics; Full Arch Immediate Load; Digital Treatment Solutions"
"Dr. Anton Sculean,Periodontal Regeneration; Wound Healing; Advanced Periodontology"
"Dr. Antonia Kolokythas,Complex Craniofacial Reconstruction; Oral & Maxillofacial Surgery"
"Dr. Arian B. Deutsch,Telescopic Prosthodontics; Precision Removables; Implant Lab Collaboration; Full-Arch Solutions"
"Dr. Armand Bedrossian,Digital Dentistry; Full Arch Implant Therapy; Digital Workflows; Advanced Technology"
"Dr. Arndt Guentsch,Periodontology; Research in Periodontal Therapy"
"Dr. Athena Goodarzi,All-on-X Implants; Zygomatic & Pterygoid Implants; Full-Arch Rehab; Complex Implantology"
"Dr. Avinash Bidra,Implant Prosthodontics; Full-Arch Fixed Prosthodontics; Complex Implant Cases"
"Dr. Antonia Kolokythas,""Complex Craniofacial Reconstruction; Maxillofacial Surgery; Surgical Innovations"""
"Dr. Arian B. Deutsch,""Conical & Telescopic Prosthodontics; Removable Prosthodontics; Laboratory-Clinician Collaboration"""
"Dr. Armand Bedrossian,""Digital Technology; Full Arch Implant Therapy; Clinical Applications; Digital Workflows"""
"Dr. Arndt Guentsch,""Periodontology; Periodontal Disease Research; Interdisciplinary Periodontics"""
"Dr. Athena Goodarzi,""All-on-X Implants; Zygomatic Implants; Pterygoid Implants; Full Mouth Rehabilitation; Complex Implantology"""
"Dr. Avinash Bidra,""Implant Prosthodontics; Pterygoid Implants; Full-Arch Fixed Prosthodontics; Advanced Prosthetics"""
"Dr. Azadeh Amy Khajavi,""Ceramic Zirconia Implants; Holistic Dentistry; Biocompatible Implant Solutions"""
"Dr. Azam Saeed,""Digital Implantology; All-on-4 Treatment; Zygomatic Implants; Pterygoid Implants; Trans-Nasal Implants"""
"Dr. Bach T. Le,""Clinical Practice; Point-Counterpoint Debates; Evidence-Based Dentistry; Surgical Protocols"""
"Dr. Baldwin W. Marchack,""Implant Restoration Management; Abutment Screw Complications; Prosthetic Solutions; Practice Risk Reduction"""
"Dr. Bart Silverman,""Implant Complications; Prevention; Management; Surgical Techniques"""
"Dr. Beatriz Bezerra,""Periodontology & Research; Periodontal Regeneration; Clinical Studies in Gum Disease"""
"Dr. Ben Kellum,""Full Arch Implant Procedures; Complex Oral Rehabilitation; Immediate Load Solutions"""
"Dr. Benjamin Pliska,""Sleep Medicine; Dental Sleep Solutions; Orthodontics & Sleep Collaboration"""
"Dr. Berfin Jacobs,""Implant Dentistry; Clinical Research; Contemporary Techniques; Research Methods; Evidence-Based Practice"""
"Dr. Berfin K. Jacobs,""Oral and Maxillofacial Surgery; Surgical Planning; Craniofacial Pathology"""
"Dr. Bijal Mehta,""Dental Leadership; Leadership Development; Practice Growth"""
"Dr. Bindu Dukka,""Periodontology & Public Health; Community Oral Health; Epidemiology"""
"Dr. Bradley Ross,""Periodontology; Gum Disease Therapy; Surgical Periodontics"""
"Dr. Brent Barta,""Clinical Leadership; Dental Team Building; Office Culture"""
"Dr. Brett Kessler,""Periodontology; Regenerative Periodontal Procedures"""
"Dr. Brian J. Jackson,""Implant Surgery and Reconstructive Dentistry; Full-Arch Rehabilitation; Advanced Implant Surgery"""
"Dr. Bruce G. Freund,""Facial Cosmetics; Injectable Pharmacologics; Cosmetic Dental Procedures"""
"Dr. Bryan Basom,""General Dentistry; Practice Startups; Patient Communications"""
"Dr. Bryan J. Frantz,""Periodontology; Dental Implants; Periodontal Disease Management"""
"Dr. Caitlin Darcey,""Periodontology & Medical Education; Integrated Curriculum; Clinical Dental Education"""
"Dr. Cara Minichetti,""Implant Dentistry; Oral Surgery; Interdisciplinary Case Management"""
"Dr. Carlos Aparicio,""Zygomatic Implants; ZAGA Concept; 3D Model Surgery; Maxillofacial Reconstruction"""
"Dr. Carlos Parra Carrasquer,""Periodontology; Board Preparation; Clinical Periodontics"""
"Dr. Carlos de Carvalho,""Adhesive Rehabilitation; Esthetic Dentistry; Advanced Prosthodontics"""
"Dr. Carol Lefebvre,""Leadership Development; Executive Coaching; Team Effectiveness"""
"Dr. Carter Reeves,""Dental Sleep Medicine; Sleep-related Breathing Disorders"""
"Dr. Catrise Austin,""Patient-First Care; Dental Practice Growth; Patient Experience Improvement"""
"Dr. Charles A. Powell,""Periodontology; Clinical Education; Board Preparation for Periodontists"""
"Dr. Christian Coachman,""Digital Smile Design; Esthetic Rehabilitation; Cosmetic Dentistry"""
"Dr. Christian Hart,""Full Arch Implant Dentistry; Prosthodontics; Surgical Restoration"""
"Dr. Christopher Brendemuhl,""General Dentistry; Hospital-Based Dental Care; Clinical Chair Leadership"""
"Dr. Christopher Petrush,""Implant Dentistry; Bone Grafting; Advanced Oral Surgery"""
"Dr. Christopher R. Richardson,""Periodontal Regeneration; Tissue Engineering; Advanced Periodontal Procedures"""
"Dr. Chun-Teh Lee,""Periodontology & AI Research; Dental Informatics; Clinical Trials in Periodontology"""
"Dr. Clark Damon,""All-on-4 Treatment; Zygomatic Implants; Full Arch Restoration; Surgical Training"""
"Dr. Craig I. Aronson,""Implant Surgery; Cosmetic Dentistry; Restorative Dentistry"""
"Dr. Craig M. Misch,""Complication Prevention; Management of Dental Complications; Risk Assessment"""
"Dr. Craig Misch,""Oral Surgery; Implant Site Preparation; Surgical Protocols"""
"Dr. Curry Leavitt,""Periodontics; Implant Surgery; Complex Full Arch Cases; Advanced Periodontal Therapy"""
"Dr. Cyrus Lee,""Dental Practice Operations; Dental Executive Leadership; Kaiser Permanente Clinical Standards"""
"Dr. Dan Holtzclaw,""Extramaxillary Implants; Remote Anchorage; Implant Complications; Advanced Surgery"""
"Dr. Daniel Buser,""Implant Surgery and Bone Regeneration; Periodontal Surgery; Evidence-based Dental Implants"""
"Dr. Daniel Domingue,""Digital Workflows; Dental Implant Surgery; Clinic-to-Lab Integration"""
"Dr. Daniel R. Cullum,""Oral and Maxillofacial Surgery; Advanced Surgical Techniques; Implant Education"""
"Dr. David A. Fenton,""Emergency Dental Management; Anesthesia Training; Oral Surgery Education"""
"Dr. David A. Scott,""Periodontal Research & Pharmacology; Drug Mechanisms in Periodontics"""
"Dr. David L. Cochran,""Periodontics & Implantology; Implant Success; Tissue Regeneration"""
"Dr. David Lipton,""Periodontics; Dental Implants; Regenerative Therapy; Soft Tissue Grafting; Esthetic Procedures"""
"Dr. David M. Kim,""Periodontology & Research; Periodontal Surgery; Clinical Study Design"""
"Dr. David Norré,""Full Arch Restoration; Complex Restorative Cases; Implant-supported Prosthetics"""
"Dr. David P. Mathews,""Periodontal-Prosthodontic Collaboration; Interdisciplinary Patient Care"""
"Dr. David Resnick,""Surgical Procedures; Bone Reconstruction; Implant Therapy"""
"Dr. David T. Wu,""Periodontology & Tissue Engineering; Regenerative Periodontics; Clinical Periodontal Research"""
"Dr. David Wands,""Leadership in Dentistry; Academy Leadership; Dental Education Legacy"""
"Dr. DeVonte Johnson,""Access to Care; Community Dental Advocacy; Oral Health Equity"""
"Dr. Dean Morton,""Advanced Prosthodontics; Prosthodontic Innovation and Discussions"""
"Dr. Dennis Tarnow,""Periodontology & Implant Dentistry; Surgical Innovations; Clinical Education"""
"Dr. Devorah Schwartz-Arad,""Periodontal Regeneration; Implant Dentistry; Soft/Hard Tissue Reconstruction"""
"Dr. Diana V. Messadi,""Oral Pathology; Oral Medicine; Diagnosis and Management"""
"Dr. Didier Dietschi,""Adhesive Protocols; Esthetic Restorations; Composite Bonding Techniques"""
"Dr. Diego Velasquez-Plata,""Periodontal Research; Scientific Writing; Editorial Scholarship in Dentistry"""
"Dr. Dimitris N. Tatakis,""Periodontology; Soft Tissue Management; Periodontal Education"""
"Dr. Doaa Adel Khattab,""Periodontics; Implant Dentistry; Advanced Clinical Applications"""
"Dr. Donald J. Provenzale,""Implant Dentistry; Anesthesiology in Dentistry; Reconstructive Procedures"""
"Dr. Donald P. Lewis Jr.,""Anesthesia; Skills Lab Training; Emergency Preparedness in Dental Practice"""
"Dr. Doug Dixon,""Periodontology; Clinical Education; Board Preparation"""
"Dr. Douglas Benting,""Prosthodontics; Implant Prosthodontics; Full-Arch Rehabilitation Solutions"""
"Dr. Drew Phillips,""Dental Implant Surgery; All-on-4 Implants; Digital Dentistry; Sedation Dentistry; Full Mouth Reconstruction"""
"Dr. Duke Heller,""Dental Implant Surgery and Bone Grafting; AAID Educational Standards; Surgical Training"""
"Dr. E. Armand Bedrossian,""Oral and Maxillofacial Surgery; Advanced Surgical Anatomy; Reconstructive Surgery"""
"Dr. Ed McLaren,""Ceramic Technology; Digital Prosthodontics; Esthetic Dentistry; Materials Science"""
"Dr. Ed R. Kusek,""Implant Dentistry; Oral Surgery; Laser Dentistry; Risk Reduction Strategies"""
"Dr. Edgard El Chaar,""Implant Dentistry; Immediate Implant Placement; Business Aspects; Efficient Implant Workflows"""
"Dr. Edmond Bedrossian,""Oral Surgery; Maxillofacial Surgery; Full Arch Implant Rehab; Immediate Loading"""
"Dr. Eduardo Lorenzana,""Periodontal Plastic Surgery; Dental Implant Aesthetics; Regenerative Therapy; Minimally Invasive Grafting"""
"Dr. Effie Ioannidou,""Gender Parity in Dental Academia; Academic Leadership; Diversity in Dentistry"""
"Dr. Emily Letran,""Pediatric Dentistry; Dental Practice Entrepreneurship; Leadership Development"""
"Dr. Emily Vanney,""Dental Operations; Clinical Optimization; DSO Management"""
"Dr. Eric C. Baker,""Practice Growth; Direct to Consumer Strategies; Patient Acquisition & Marketing"""
"Dr. Eric Caron,""CAD-CAM Technology; Digital Removable Partial Dentures; Lab Integration"""
"Dr. Eric Van Dooren,""Perio-Prosthodontics; Complex Prosthetic Cases; Digital Technologies"""
"Dr. Eva Boldridge,""Digital Prosthodontics; Removable Prosthetics; Digital Workflow Integration"""
"Dr. Fadi Hasan,""Periodontology; Regenerative Dental Medicine"""
"Dr. Faisal A. Quereshy,""Oral Surgery Education; Residency Training; Academic Curriculum Development"""
"Dr. Flavia Q. Pirih,""Periodontal Research; Academic Writing; Peer Review in Dental Science"""
"Dr. Frank A. Scannapieco,""Periodontology; Salivary Diagnostics; Oral Microbiome"""
"Dr. Frank Caputo,""Maxillary Sinus Augmentation; Guided Bone Regeneration; Complex Implant Therapies"""
"Dr. Frank M. Spear,""Practice Philosophy; Clinical Communication Skills; Patient-Centric Dental Care"""
"Dr. Frank Schwarz,""Oral Reconstructive Medicine; Regeneration Therapies; Clinical Implant Research"""
"Dr. Frank Tuminelli,""Dental Specialty Recognition; Certification Standards; Specialty Board Navigation"""
"Dr. Galip Gurel,""Aesthetic Dentistry 4.0; Digital Smile Design; Cosmetic Innovation"""
"Dr. Geith Kallas,""General Dentistry; Practice Startups; Multisite Practice Management"""
"Dr. George Arvanitis,""Reconstructive and Implant Dentistry; Full Mouth Rehabilitation"""
"Dr. George Tysowsky,""Economic Impact Analysis; Dental Technologies; Cost-Benefit in New Devices"""
"Dr. Georgios A. Kotsakis,""Periodontal Research; Scientific Writing; Academic Education"""
"Dr. Georgios E. Romanos,""Periodontology; Clinical Periodontal Protocols; Implant Science"""
"Dr. Gerard J. Chiche,""Zirconia Restorations; Esthetic Denture Solutions; Ceramic Systems"""
"German Gallucci,""Prosthodontics; Oral Implantology; Digital Dental Technology; Implant-supported Prostheses"""
"Dr. German O. Gallucci,""Restorative Dentistry; Implant Prosthetics; Chair-based Clinical Research"""
"Dr. Ghida Lawand,""AI in Dentistry; Digital Dentistry; Implant Rehabilitation; Digital Smile Design; Technology Innovation"""
"Dr. Giacomo Fabbri,""Zirconia Restorations; Advanced Ceramic Procedures"""
"Dr. Gian Pietro Schincaglia,""Implant Surgery; Maxillary Reconstruction; Compromised Case Solutions"""
"Dr. Gilbert A. Fru,""Clinical Periodontics; Treatment Innovation; Periodontal Research"""
"Dr. Giorgio Tabanella,""Periodontology; Advanced Clinical Techniques; Clinical Research"""
"Dr. Giovanni Zucchelli,""Periodontal Plastic Surgery; Esthetic Periodontal Procedures"""
"Dr. Gonzalo Blasi,""Complex Esthetic Prosthodontics; Prosthetic Planning; Advanced Cases"""
"Dr. Guillermo Chacon,""Digital Treatment Planning; Analog Techniques; State-of-the-Art Approaches"""
"Dr. Gustavo Avila Ortiz,""Periodontal Regeneration; Implant Dentistry; Dental Research"""
"Dr. Gustavo Giordani,""Digital Interdisciplinary Treatment; Collaborative Dental Technologies"""
"Dr. Hamilton M. Sporborg,""AAID Oral Examinations; Assessment Methodologies; Prosthodontic Exams"""
"Dr. Hatice Hasturk,""Periodontology; Microbiome Research; Inflammatory Mechanisms in Dentistry"""
"Dr. Heather Conrad,""Board Certification in Prosthodontics; American Board Protocols"""
"Dr. Henry A. Foerster,""Clinical Periodontics; Periodontal Innovation; Clinical Research Methods"""
"Dr. Hesham Nouh,""Prosthodontics; CAD/CAM Prosthetics; Digital Workflow"""
"Dr. Hiroshi Hirata,""Sedation & Anxiety Management; Safe Sedation Protocols"""
"Dr. Hisham Barakat,""General Dentistry; Clinical Officer Strategies; Guardian Dentistry Operations"""
"Dr. Hom-Lay Wang,""Periodontology & Implant Dentistry; Surgical Techniques; Periodontal Literature"""
"Dr. Homa H. Zadeh,""Periodontology; Research in Periodontal Therapies"""
"Dr. Hongseok An,""Intraoral Scanning; Research in Scanning; Clinical Application; Intraoral Limitations"""
"Dr. Howard Gluckman,""Partial Extraction Therapy; Ridge Preservation; Advanced Surgical Techniques"""
"Dr. Hsun-Liang Chan,""Periodontology & Microsurgery; Minimally Invasive Techniques"""
"Dr. Hussam Batal,""Endosseous Implant Surgery; Surgical Implant Solutions"""
"Dr. Ihab Hanna,""Implant Dentistry and Surgical Training; AAID Courses"""
"Dr. Irina F. F. Dragan,""Periodontology & Business Management; Practice Leadership; Interdisciplinary Collaboration"""
"Dr. Isabella Rocchietta,""Ridge Augmentation; Horizontal and Vertical Bone Grafts"""
"Dr. Issa Hanna,""Cleft and Craniofacial Surgery; Pediatric Maxillofacial Care"""
"Dr. Istvan Urban,""Periodontology; Regeneration Procedures; Sinus Lift Techniques"""
"Dr. Ińaki Gamborena,""Aesthetic Implant Dentistry; Esthetic Zone Challenges"""
"Dr. JB White,""Implant Dentistry; Cosmetic Dentistry; Patient-Focused Care"""
"Dr. Jack G. Caton,""Periodontology; Chronic Periodontitis Management"""
"Dr. Jaideep R. Deshpande,""Advanced Dental Technology; Innovations for Dental Labs"""
"Dr. James Anderson,""Periodontics Department Leadership; Clinical Educational Strategies"""
"Dr. James Fetsch,""Dental Implants; Full-Mouth Reconstruction; Sedation Dentistry; 3D Imaging; Comprehensive Dentistry"""
"Dr. James L. Rutkowski,""Sedation; Perioperative Care; Anesthetic Approaches in Implants"""
"Dr. James Mah,""Orthodontics; 3D Imaging; CBCT; Craniofacial Disorders; Digital Orthodontics"""
"Dr. James Nager,""Implant Surgery; Oral Conscious Sedation; Clinical Implantology"""
"Dr. James W. Willis,""Patient-Centered Care; Enhanced Patient Communication"""
"Dr. Janice Wang,""Implant Dentistry; Surgical Procedures; AAID Implant Protocols"""
"Dr. Jason Genta,""Smile Brands; Practice Management; Dental Group Operations"""
"Dr. Jason Kim,""Implant Dentistry; Dental Aesthetics; Prosthodontics"""
"Dr. Jasper Thoolen,""Digital Dentistry; Clear Aligner Therapy; Multidisciplinary Treatment; Digital Workflows; Restorative Dentistry"""
"Dr. Jay C. Platt,""Practice Growth; Referral-Based Patient Acquisition; Oral Surgery Collaboration"""
"Dr. Jay M. Neugarten,""Virtual Surgical Planning; Custom Implants; Orthognathic Surgery"""
"Dr. Jeff Briney,""Laser Dentistry; Surgical Dentistry; Facial Aesthetics; Digital Workflows; Comprehensive Dentistry"""
"Dr. Jeff Rouse,""Pathway Wear; Occlusal Disease; Prosthodontics"""
"Dr. Jeffrey A. Rossmann,""Periodontology; Board Certification Preparation; Clinical Education"""
"Dr. Jeffrey B. Carter,""Artificial Intelligence in Dentistry; Practice Automation; Data-Driven Innovation"""
"Dr. Jeffrey McClendon,""Airway Orthodontics; Interdisciplinary Airway Management"""
"Dr. Jennifer Bain,""Periodontology; Board Preparation; Clinical Education"""
"Dr. Jennifer H. Doobrow,""Periodontology; Surgical Periodontal Therapy; Soft Tissue Management"""
"Dr. Jim Janakievski,""Segmental Osteotomy; Surgical Planning; Clinical Innovations"""
"Dr. Jimmie L. Harper Jr.,""Anesthesia Training; Emergency Protocols; Oral Surgery Team Readiness"""
"Dr. Jin Y. Kim,""Saving Teeth; Implant Preservation; Advanced Preservation Therapy"""
"Dr. Joan Otomo Corgel,""Periodontology & Public Health; Oral-Systemic Health Integration"""
"Dr. Joan Pi-Anfruns,""Oral and Maxillofacial Surgery; Surgical Case Management"""
"Dr. John A. Svirsky,""Oral Pathology; Oral Medicine; Clinical Diagnosis"""
"Dr. John C. Kois,""Bruxism Management; Prosthodontic Decision Making"""
"Dr. John C. Minichetti,""Implant Dentistry; Oral Surgery; Practice Integration"""
"Dr. John F. Caccamese Jr.,""Cleft and Craniomaxillofacial Care; Surgical Decision Making"""
"Dr. John Minichetti,""Implant and Reconstructive Dentistry; Implant Complications"""
"Dr. John Sorensen,""Clinical Prosthodontics; Digital Technology Validation; Digital Materials"""
"Dr. Jonathan Esquivel,""Perio-Prosthodontic Integration; Interdisciplinary Treatment; Periodontal Complexities"""
"Dr. Jonathan Tai,""Clinical Periodontics; Innovation in Periodontal Therapy"""
"Dr. Jonathan Tsang,""Complex Implant Techniques; Implant Therapy Complications"""
"Dr. Joseph Leonetti,""Oral Surgery and Implant Education; Surgical Mentorship"""
"Dr. Junji Tagami,""Bonding Procedures; Restorative Adhesives; Materials Science"""
"Dr. Kamal F. Busaidy,""Emergency Airway Management; Office Emergencies; Simulation Training"""
"Dr. Karim El Khouly,""Periodontal Surgery; Digital Treatment Planning; Regenerative Therapies; LANAP Laser Therapy; Implant Dentistry"""
"Dr. Karl Jepsen,""Periodontology Research; Bone Structure Studies"""
"Dr. Kathryn Alderman,""DSO Strategy; Local Market Strategies; Dental Group Management"""
"Dr. Katie Lee,""Orthodontics; CBCT Analysis; Contemporary Treatments; Research; Comprehensive Care"""
"Dr. Katja Nelson,""Oral and Maxillofacial Surgery; Academic Leadership"""
"Dr. Kayleigh E. Temple,""Periodontology & Dental Hygiene Education; Curriculum Development"""
"Dr. Keith Long,""Implant Dentistry; Advanced Implant Placement"""
"Dr. Kevin Brown,""Periodontics; Clinical Instruction"""
"Dr. Kimberly Schlam,""Esthetic Dentistry; Technology Integration; Digital Workflows; Predictable Outcomes; Tech-Driven Care"""
"Dr. Kostas Chochlidakis,""Full Arch Prosthodontics; Digital Dentistry; Comprehensive Rehabilitation"""
"Dr. Kumar Subramanian,""Periodontal Surgery; Interdisciplinary Treatment"""
"Dr. Kwan M. Lee,""Implant Dentistry; Oral Surgery; Surgical Protocols"""
"Dr. Lane T. Knight,""Anesthesia Education; Emergency Response; Clinical Team Training"""
"Dr. Larissa Trojan,""Digital Implant Dentistry; Bioengineering; Orthodontics; Clinical Research; AI Technology"""
"Dr. Larry Brecht,""Prosthodontics; Maxillofacial Prosthetics; Cleft Palate Reconstruction; Nasoalveolar Molding"""
"Dr. Larry E. Stigall,""Emergency Airway Simulation; Training Programs; Dental Emergency Protocols"""
"Dr. Laura Williams,""Periodontics; University-Level Teaching"""
"Dr. Lawrence E. Brecht,""Maxillofacial Prosthetics; Clinical Prosthetic Applications"""
"Dr. Lawrence Nalitt,""Implant Surgery; General Dentistry; Integrated Care"""
"Dr. Lea Hachem,""Periodontology & Implant Surgery; Clinical Research; FICD Collaboration"""
"Dr. Likith V. Reddy,""Obstructive Sleep Apnea Surgery; Modern Diagnostics"""
"Dr. Liliana E. Aranguren,""Clinical Innovation in Periodontology; Multidisciplinary Periodontal Care"""
"Dr. Lily Garcia,""Dental Association Leadership; Navigating National Forums"""
"Dr. Lily Hu,""Implant Prosthetic Principles; Anesthesia Protocols"""
"Dr. Lisa Taylor,""Periodontics; Faculty Development"""
"Dr. Loren Israelsen,""Positive Impact Dental Alliance; Practice Leadership"""
"Dr. Lorenzo Breschi,""Adhesive Technology; Restorative Materials Science"""
"Dr. Lorenzo Mordini,""Periodontology; Advanced Periodontal Therapies"""
"Dr. Lorenzo Tavelli,""Periodontal Plastic Surgery; Microsurgical Techniques; Soft Tissue Grafting; Minimally Invasive Procedures"""
"Dr. Louis K. Rafetto,""Office-Based Anesthesia; Emergency Airway Management; Training Program Development"""
"Dr. Louis Kaufman,""General Dentistry; Practice Development"""
"Dr. Luca Cordaro,""Full Arch Implant Rehabilitation; Tilted Implants in Maxilla"""
"Dr. Luciana M. Shaddox,""Periodontal Research; Scientific Writing"""
"Dr. Luiz Gonzaga,""Complete-Arch Implant Rehabilitation; Digital Workflows; Interdisciplinary Treatment Planning; ITI Education"""
"Dr. Mahtab Sadrameli,""Dental Team Management; Team Development; Practice Leadership"""
"Dr. Manrique Fonseca,""Reconstructive Dentistry; Implant Dentistry; Digital Workflows; Research and Development"""
"Dr. Manu Chaudhry,""Dental Leadership Development; Success Strategies"""
"Dr. Marco Ferrari,""Digital Prosthodontic Materials; Restorative Studies; Clinical Outcomes"""
"Dr. Marco Veneziani,""Posterior Restorations; Advanced Restorative Dentistry"""
"Dr. Maria Elisa Galarraga-Vinueza,""Peri-implantitis; Biomaterials; Bone Regeneration; Implant Research and Innovation"""
"Dr. Maria Emanuel Ryan,""Periodontology Research; Clinical Studies"""
"Dr. Maria Kunstadter,""TeleDentistry; General Dentistry; Digital Transformation"""
"Dr. Maria Rodriguez,""Periodontics; Academic Periodontology"""
"Dr. Mariam Margvelashvili-Malament,""Restorative vs Implant Therapy; Prosthodontic Decision Making"""
"Dr. Marianna Evans,""Midfacial Expansion; Airway Orthodontics"""
"Dr. Mariano Polack,""Prosthodontics and Implant Dentistry; Full-Arch Restorations"""
"Dr. Marie C. Schweinebraten,""Practice Management; Insurance Strategies; Office Efficiency"""
"Dr. Mariz Tanious,""AI in Clinical Practice; Digital Innovations in Dentistry"""
"Dr. Mark Lowe,""Orthodontics; Invisalign; Adult Orthodontics; Clear Aligner Therapy"""
"Dr. Mark Montana,""Digital Occlusion; Prosthodontics in the Digital Age"""
"Dr. Mark Schlam,""Oral Surgery; Full Arch Rehabilitation; Advanced Surgical Procedures"""
"Dr. Markus Hürzeler,""Implant Aesthetics; Periodontics"""
"Dr. Marta Revilla León,""Virtual Patient Technology; Digital Dentistry Advances"""
"Dr. Martin Mendelson,""Practice Management; Dental Team Communication"""
"Dr. Massimo Costalonga,""Periodontal Research; Scientific Publishing; Clinical Reviews"""
"Dr. Matt Carlston,""Team Building; Recruitment and Retention Strategies"""
"Dr. Matthew Fay,""Sleep Medicine; OSA Management; Sleep Disorder Treatment"""
"Dr. Matthew Fien,""Periodontology; Clinical Periodontal Therapy"""
"Dr. Melissa Shotell,""Digital Orthodontics; Clear Aligner Therapy; AI Technology; Remote Monitoring"""
"Dr. Mia L. Geisinger,""Periodontology; AAP Leadership; Evidence-Based Periodontal Care"""
"Dr. Michael A. Pikos,""Full-Arch Therapy; Digital Workflows; Treatment Protocols"""
"Dr. Michael Cohen,""Periodontics; Implant Dentistry; Interdisciplinary Treatment Planning; Full-Mouth Rehabilitation; Bone Grafting"""
"Dr. Michael D. Scherer,""Full-Arch Implantology; Fixed vs Removable Prosthodontics; Practice Management"""
"Dr. Michael Gunson,""Airway and Smile Integration; Surgical-Orthodontic Synergy"""
"Dr. Michael K. McGuire,""Periodontology; Evidence-Based Periodontal Treatments"""
"Dr. Michael Pikos,""Periodontology; Implant Surgery; Academic Instruction"""
"Dr. Michael R. Andersen,""Prosthodontics & Maxillofacial Prosthetics; Complex Oral Rehabilitation"""
"Dr. Michael Reddy,""Academic Dentistry Leadership; Curriculum Innovation"""
"Dr. Michael Richard Ragan,""Periodontology & Legal Practice; Dental Risk Management"""
"Dr. Michael Shulman,""Implant Placement; Oral Surgery; Training Strategies"""
"Dr. Michael Sterling,""Anxiety Management; Sedation in Periodontology"""
"Dr. Mijin Choi,""Prosthodontics Leadership; Professional Society Governance"""
"Dr. Mike Panahi,""General Dentistry; Operations Management"""
"Dr. Miles Madison,""Periodontology; Gum Disease Management"""
"Dr. Minh Tran,""Digital Software; Workflow Optimization; Lab Technology"""
"Dr. Mohamed Wagdy Bissar,""Sub-periosteal Implants; Compromised Ridge Solutions"""
"Dr. Monica P. Gibson,""Periodontal Education & Research; Academic Mentorship"""
"Dr. Mostafa Altalib,""Orthodontics; Sleep Medicine; Cleft Lip/Palate; Pediatric OSA; Invisalign"""
"Dr. Mostafa Altalibi,""Complex Esthetic Cases; Digital Treatment Design"""
"Dr. Muhammad H. Saleh,""Periodontal Regeneration; Advanced Periodontal Therapy"""
"Dr. Nada Souccar,""Periodontology & Orthodontics; Interdisciplinary Integration"""
"Dr. Naif Sinada,""Prosthodontics; Digital Dentistry; Maxillofacial Prosthetics; 3D Printing"""
"Dr. Nakul Rathi,""Prosthodontics; Implant Dentistry; Full Mouth Rehabilitation"""
"Dr. Natasha Furchtgott,""Craniomaxillofacial Surgery; Cleft Care; Pediatric Oral Surgery"""
"Dr. Nathan Doyel,""Digital All-on-X; Team Education; Clinical Case Presentation"""
"Dr. Nikolaos Soldatos,""Periodontology; Implant Surgery; Clinical Research"""
"Dr. Nimesh Patel,""General Dentistry; Practice Operations"""
"Dr. Nitzan Bichacho,""Cervical Contouring; Prosthodontic Innovations"""
"Dr. Oded Bahat,""Tissue Reconstruction; Advanced Oral Surgical Techniques"""
"Dr. Oliver Pin-Harry,""Prosthodontics & Interdisciplinary Care; Complex Case Management"""
"Dr. Oscar González-Martin,""Perio-Prostho Treatment; Multidisciplinary Periodontal & Prosthodontic Cases"""
"Dr. Owais A. Farooqi,""Clinical Periodontics; Innovative Treatments; Clinical Research"""
"Dr. Panos N. Papapanou,""Periodontology; Epidemiological Periodontal Research"""
"Dr. Panos Papaspyridakis,""Prosthodontics; Implant Dentistry; Full Arch Rehabilitation; Digital Workflows"""
"Dr. Panos Papaspyridakos,""Digital Workflow; Implant Prosthodontics; Comprehensive Digital Treatment"""
"Dr. Paul Fugazzotto,""Periodontology; Implant Reconstruction; Regenerative Therapy"""
"Dr. Paul Goodman,""Patient Impact; Practice Growth; Implant Dentistry"""
"Dr. Paul J. Schwartz,""Emergency Medicine; Airway Management; Crisis Leadership"""
"Dr. Paul S. Rosen,""Periodontology & Implant Dentistry; Advanced Implant Therapy"""
"Dr. Paul S. Tiwana,""Oral and Maxillofacial Surgery; Surgical Case Planning; Craniomaxillofacial Care"""
"Dr. Paulo Carvalho,""Oral and Maxillofacial Surgery; Facial Reconstruction"""
"Dr. Peter A. Vellis,""Emergency Airway Management; Anesthesia Protocols; Skills Training"""
"Dr. Peter C. Fritz,""Periodontology & Legal Medicine; Dental Risk Management"""
"Dr. Peter Rivoli,""Practice Adaptation Strategies; Change Management"""
"Dr. Peter T. Green,""Oral & Maxillofacial Radiology; Diagnostic Imaging"""
"Dr. Peter Wohrle,""Implant Reconstruction; Aesthetic Implant Dentistry"""
"Dr. Peyman Raissi,""Full Mouth Reconstruction; Same-Day Transformations; Digital Lab Management"""
"Dr. Phil Walton,""Digital Implants; Guided Workflows; Full Arch Rehabilitation; Implant Technology"""
"Dr. Philip Kang,""Periodontology; Periodontal Therapy"""
"Dr. Philippe Hujoel,""Oral Health Sciences; Evidence-Based Dentistry"""
"Dr. Pierpaolo Cortellini,""Periodontology & Regeneration; Periodontal Surgical Techniques"""
"Dr. Purnima Kumar,""Periodontal Microbiology; Regenerative Medicine"""
"Dr. Rachana Hegde,""Implant Maintenance; Team Education; Clinical Systems"""
"Dr. Rafael Siqueira,""Periodontology; Clinical Research"""
"Dr. Rami Salloum,""Implant Dentistry; Full-Arch Restorations; Digital Implant Technology"""
"Dr. Ramon Gomez-Meda,""Biological Stability; Prosthodontic Outcomes"""
"Dr. Ramsey Amin,""Subperiosteal Implants; CAD/CAM Technology; Severely Resorbed Ridges"""
"Dr. Ramzi V. Abou-Arraj,""Periodontology & Implant Dentistry; Regenerative Procedures"""
"Dr. Renato Cocconi,""Interdisciplinary Orthodontic Treatment; Collaborative Care"""
"Dr. Ricardo Kern,""Esthetic Implantology & Prosthodontics; Complex Implant Cases"""
"Dr. Ricardo Mitrani,""Oral and Maxillofacial Surgery; Full-Smile Rehabilitation"""
"Dr. Richard Darveau,""Microbiology & Immunology; Oral Biofilm Science"""
"Dr. Rino Burkhardt,""Microsurgical Periodontology; Minimally Invasive Techniques"""
"Dr. Robert A. Levine,""Soft-Tissue Alternatives; Biologic Modifiers; Evidence-Based Periodontal Practice"""
"Dr. Robert J. Stanley,""Comprehensive Dentistry & Implant Engineering; Implant Complications"""
"Dr. Robert Levine,""Periodontics; Immediate Implant Placement; All-On-4; Peri-implant Disease"""
"Dr. Robert S. Lewando,""Practice Management & Insurance; Dental Compliance"""
"Dr. Robert W. Emery III,""Navigated Surgery; X-Guide Technology; Photogrammetry"""
"Dr. Rocio Beatriz Quinonez,""Periodontal Education & Public Health; Access to Care"""
"Dr. Roderick Stewart,""Advanced Dental Reconstructive Treatment; Complex Restorative Cases"""
"Dr. Roger Arce,""Periodontology & Research; Graduate Training"""
"Dr. Rolf Ewers,""Oral and Maxillofacial Surgery; Craniomaxillofacial Procedures"""
"Dr. Ron Zokol,""Digital Dentistry; Soft Tissue Management"""
"Dr. Ronald Saffar,""Specialty Operations; DSO Operations"""
"Dr. Rooz Khosravi,""Prosthodontics; Advanced Prosthodontic Treatments"""
"Dr. Roozbeh Khosravi,""Orthodontics & Sleep Medicine; Interdisciplinary Collaboration"""
"Dr. Roxanna Esguerra,""Implant Prosthodontics & Phonetics; Complex Prosthetic Design"""
"Dr. Ruben Arebalo,""Prosthodontics; Implant Prosthodontics"""
"Dr. Ryan Dunlop,""Full Arch Implants; Digital Workflows; Immediate Load Protocols"""
"Dr. Sam Bakuri,""Practice Management; Marketing Strategies; Business Development"""
"Dr. Samantha A. Siranli,""Immediate Loading; Full-Arch Implant Protocols; Digital Implantology"""
"Dr. Sami Webb,""Market Strategy; DSO Penetration; Dental Marketing"""
"Dr. Samuel Lynch,""Translational Medicine; Dental Innovation; Entrepreneurship"""
"Dr. Sandra Stuhr,""Periodontal-Prosthodontic Interdisciplinary Care; Team Approach"""
"Dr. Sangiv I. Patel,""Implant Dentistry; Advanced Surgical Procedures"""
"Dr. Sara Mahmood,""Dental Practice Leadership; Patient Experience; Corporate Dental Models"""
"Dr. Sarah Jockin,""Digital Full Arch Implant Procedures; Same-Day Dentistry"""
"Dr. Sarah Knox,""Salivary Gland Preservation; Nerve-Sparing Techniques"""
"Dr. Sarah Lee,""Maxillofacial Prosthodontics; Complex Prosthetic Rehabilitation"""
"Dr. Sascha Jovanovic,""Guided Bone Regeneration; Esthetic Implant Therapy; Soft Tissue Grafting"""
"Dr. Satish S. Kumar,""Periodontal Education & Clinical Training; Faculty Development"""
"Dr. Scott D. Ganz,""3D AI Segmentation; Surgical Design; Digital Implantology"""
"Dr. Sean P. Edwards,""Complete-Arch Implant Rehabilitation; Digital Planning; Scan-to-Smile Technology"""
"Dr. Sebastiano Andreana,""Peri-implantitis Treatment; Surgical and Non-Surgical Techniques"""
"Dr. Sejal Thacker,""Periodontal Regeneration; Tissue Engineering"""
"Dr. Sergio Bernardes,""Implantology; Product Development; Digital Workflows; Biomechanics"""
"Dr. Seth Chambers,""Implant Surgery; Zygomatic Implants; 3D Printing; Full Mouth Rehabilitation"""
"Dr. Shahram Ghanaati,""Oral and Maxillofacial Surgery; Blood Concentrates"""
"Dr. Shankar Iyer,""Implant Dentistry; Evidence-Based Clinical Decisions"""
"Dr. Sharon R. Bannister,""Periodontology; Academic Mentorship"""
"Dr. Shayan Barootchi,""Periodontal Regeneration; Advanced Surgery; Tissue Engineering"""
"Dr. Shuaib Malik,""Oral and Maxillofacial Surgery; Complex Surgical Cases"""
"Dr. Sibera Brannon,""Leadership Resilience; Overcoming Obstacles in Dental Careers"""
"Dr. Sompop Bencharit,""Full-Arch Implant Prosthodontics; Best Practices; Innovation"""
"Dr. Sonia Leziy,""Periodontics; Implant Esthetics; Periodontal Plastic Surgery; Digital Workflows"""
"Dr. Stephanie Ganter,""Periodontology; Surgical Techniques; Multidisciplinary Practice"""
"Dr. Stephanie W. Yeung,""Digital Implant Rehabilitation; Complete-Arch Solutions; Implant Planning"""
"Dr. Stephen J. Chu,""Esthetic Implant Complications; Advanced Prosthodontics"""
"Dr. Steve Chu,""Esthetic Dentistry; Prosthodontics; Smile Design"""
"Dr. Steve D. Shufflebarger,""Sedation Dentistry; Anxiety Management; Periodontology"""
"Dr. Steve Parel,""Implant Prosthodontics; History and Innovation"""
"Dr. Steve Sadowsky,""Teeth vs Implants; Comparative Outcomes"""
"Dr. Steven Morgano,""Prosthodontics & Restorative Sciences; Evidence-Based Restorative Care"""
"Dr. Suheil M. Boutros,""Esthetic Zone Implants; Hard and Soft Tissue Management; Implant Esthetics"""
"Dr. Sukirth M. Ganesan,""Periodontology & Research; Translational Periodontal Science"""
"Dr. Sully Sullivan,""Full Arch Practice Growth; Contemporary Implant Practice"""
"Dr. Susan Somerset,""Periodontology & Pharmacology; Drug-Therapeutic Interactions"""
"Dr. Swati Agnihotri,""Cosmetic and Implant Dentistry; Modern Esthetic Solutions"""
"Dr. Taiseer Sulaiman,""Prosthodontics; Contemporary Approaches"""
"Dr. Tammeka Nickleberry,""General Dentistry; Cosmetic Dentistry; Practice Leadership"""
"Dr. Tara Aghaloo,""Zygomatic Implant Specialist; Complex Surgery Trends"""
"Dr. Tarek Assi,""Digital Dentistry; All-on-X; Precision Implantology"""
"Dr. Tarun Agarwal,""Digital Dentistry; Practice Management; Implant Surgical Guides"""
"Dr. Taylor Jean Manalili,""Prosthodontics & Digital Dentistry; Clinical Protocols"""
"Dr. Thaisa Bordin,""Prosthodontics and Implant Esthetics; Research-Driven Therapy"""
"Dr. Theo Katsaros,""Periodontology; Comprehensive Care"""
"Dr. Thomas D. Taylor,""Implant Dentistry; Oral Surgery; Advanced Prosthodontics"""
"Dr. Timothy A. Hess,""Esthetic Dentistry; Smile Enhancement"""
"Dr. Timothy McVaney,""Practice Management; Patient Experience; Operations"""
"Dr. Todd Scheyer,""Periodontology; Advanced Surgical Therapy"""
"Dr. Tom Deans,""Wealth Management; Generational Wealth Transfer; Financial Strategies"""
"Dr. Tony Rotondo,""Advanced Dental Techniques; Aesthetic Implant Management; Two-Tooth Spaces"""
"Dr. Tuan G. Bui,""Ambulatory Anesthesia; Modern Sedation Techniques; Office-Based Surgery"""
"Dr. Van Ramos Jr.,""Prosthodontics; Digital Prosthodontics; Implant Prosthodontics"""
"Dr. Van Ramos, Jr.,""Prosthodontics; Advanced Restorative Techniques"""
"Dr. Vinay M. Bhide,""Periodontal Surgery; Ridge Augmentation; Bone Grafting"""
"Dr. Vishy Broumand,""Zygomatic Implants; Pterygoid Implants; Maxillofacial Reconstruction; Complex Oral Surgery"""
"Dr. Vivianne Chappuis,""Oral Surgery; Esthetic Implantology; Tissue Management"""
"Dr. Véronique Benhamou,""Periodontology & Systemic Health; Interdisciplinary Education"""
"Dr. Wael Att,""Prosthodontics; Dentofacial Rehabilitation; Digital Workflows; Comprehensive Solutions"""
"Dr. Waldemar D. Polido,""Full-Arch Implants; Implant Controversies; Complex Rehabilitation"""
"Dr. Waldemar Polido,""Maxillofacial Surgery; Zygomatic Implants; Digital Implant Rehabilitation"""
"Dr. Walter C. Chitwood Jr.,""AAID Oral Examinations; Board Certification; Implant Assessment"""
"Dr. Wei-Shao Lin,""Prosthodontics; Clinical Implant Protocols"""
"Dr. Wenche S. Borgnakke,""Periodontal Medicine; Systemic Health Connections"""
"Dr. Will Martin,""Prosthodontics; Full Arch Rehabilitation; Team-Based Implant Care"""
"Dr. William Liang,""Implant Dentistry; MaxiCourse Education; Clinical Leadership"""
"Dr. William V. Giannobile,""Regenerative Medicine; Periodontology; Bone Grafting"""
"Dr. William Victor Giannobile,""Periodontal Regeneration; Tissue Engineering; Innovation"""
"Dr. Yahya Mansour,""General Dentistry; Team Leadership"""
"Dr. Yolanda Natali Raico Gallardo,""Digital Prosthodontics; Guided Implant Surgery; CAD/CAM Technology"""
"Dr. Yota Stathopoulou,""Periodontal Education; Progressive Learning"""
"Dr. Yu Zhang,""Ceramic Technology; Innovative Restorative Materials"""
"Dr. Yusuke Hamada,""Sedation Dentistry; Anxiety Control; Periodontal Practice"""
"Dr. Zeeshan Sheikh,""Periodontology; Regenerative Research; Clinical Innovation"""
"Brandon Dickerman,Lab Equipment,""Lab Equipment, Material Technology, Hands-On Training"","
"Burhan Syed,""Chief Executive Officer and President, Rondah AI"",Technology/AI,Technology/AI"
"CPT Andrew Egger,Military Periodontics,""Military Periodontics, Clinical Innovation, Research Methodology"","
"CPT Denise Cacho,Military Periodontics,""Military Periodontics, Clinical Research, Periodontal Innovation"","
"CPT Justin Galliani,Military Periodontics,""Military Periodontics, Clinical Innovation, Periodontal Research"","
"Cami Luljak,""Senior Director, Operations, Imagen Dental Partners"",Practice Management,Practice Management"
"Capt Jess Cayetano,Military Periodontics,""Military Periodontics, Clinical Research, Treatment Innovation"","
"Capt Luke Seiler,Military Periodontics,""Military Periodontics, Clinical Innovation, Periodontal Research"","
"Capt Victoria Wei,Military Periodontics,""Military Periodontics, Clinical Research, Periodontal Innovation"","
"Chick Hoff,""Vice President and Chief Financial Officer, My Orthodontist"",Practice Management,Practice Management"
"Colleen McFarlin,""Vice President, Specialty Division, Dental Care Alliance"",Practice Management,Practice Management"
"Daniel Richards,""Chief Executive Officer,"",Practice Management,Practice Management"
"Daniel Tataje,Practice Excellence Coach,Leadership Excellence,Leadership Excellence"
"David Sopp,""Chief Development Officer, Specialty Smile Partners"",Practice Management,Practice Management"
"Dean Tassone,""Vice President, Payor Strategy, Dental Care Alliance"",Payor Strategy and Insurance Relations,Payor Strategy and Insurance Relations"
"Jack Marrano,Digital Full-Arch Workflows,""Digital Full-Arch Workflows, Dental Lab Management, Digital Workflows"","
"Jackson Tralongo,Dental Leadership Advisor,Challenge Resolution,Challenge Resolution"
"Jaime Burks,""Senior Director, Operations, Providence Dental Partners"",Practice Management,Practice Management"
"James Cowherd,Business Consultant,Practice Management,Practice Management"
"Jason Coss,Event Coordinator,""Event Coordination, Moderation, Forum Management, Event Planning, Professional Development"",Event Management"
"Jason Huml,DSO Growth Specialist,Specialty Area Development,Specialty Area Development"
"Jason Mann,Leadership Development Coach,Practice Longevity,Practice Longevity"
"Jeffrey Tomcsik,""Chief Executive Officer, Grand Dental Group"",Practice Management,Practice Management"
"Jennifer Brady,Anesthesia Assistance,""Anesthesia Assistance, Team Training, Clinical Support"","
"Jessica Russell,Product Specialist,Product Management,Product Management"
"Jessica Woods,Case Acceptance,""Case Acceptance, Patient Communication, Team Training"","
"Joe Feldsien,""President, Medical, PDS Health"",Healthcare Administration,Healthcare Administration"
"Joseph Kolligian,Dental Professional,Dentistry,Dentistry"
"Judy Kay Mausolf,Team Management & Leadership Expert,""Team Alignment, Burnout Prevention, Staff Retention"","
"Julie Brossoit,Digital Services Specialist,Digital Lab Services,Digital Lab Services"
"Justin Lai,Dental Technology Expert,Digital Dentistry,Digital Dentistry"
"Kalpesh Patel,Dental Professional,Patient-First Care,Patient-First Care"
"Kate Wilson,Practice Sustainability Consultant,Dental Leadership,Dental Leadership"
"Katie Worth,Practice Management Consultant,Dental Practice Operations,Dental Practice Operations"
"Katrina M. Sanders,""RDH, BSDH, M.Ed, RF"",Dental Hygiene & Patient Communication,Dental Hygiene & Patient Communication"
"Kelly Turner,""PME, BA(Kin), RDH"",Dental Hygiene & Periodontal Assessment,Dental Hygiene & Periodontal Assessment"
"LT Jin Hwang,Military Periodontics,""Military Periodontics, Clinical Research, Treatment Innovation"","
"LT Nathan Kobold,Military Periodontics,""Military Periodontics, Clinical Research, Treatment Innovation"","
"LT Sofia Thompson,Military Periodontics,""Military Periodontics, Clinical Innovation, Periodontal Research"","
"Louis Chmura,DSO Innovation Expert,DSO Future Trends,DSO Future Trends"
"Lynda Ricketson,Retention Strategist,Employee Retention,Employee Retention"
"MAJ Toria Koutras,Military Periodontics,""Military Periodontics, Clinical Research, Treatment Innovation"","
"Marisa Notturno,Dental Lab Technician - Digital Technology Leader,""Digital Technology in Dentistry, Prosthodontic Laboratory Techniques, Complex Esthetic Restorations, CAD/CAM Technology, Maxillofacial Prosthetics"",""Dental Laboratory Technology, Digital Dentistry, Prosthodontic Support"""
"Marisa Notturno, CDT,""RDH, MS"",Dental Hygiene & Team Workflows,Dental Hygiene & Team Workflows"
"Mark Censoprano,DSO Future Strategist,DSO Evolution,DSO Evolution"
"Mark Lakis,Chief Executive Officer,Today's Dental Network,Today's Dental Network"
"Mark T. Murphy,Sleep Medicine Consultant,DSO Sleep Integration,DSO Sleep Integration"
"Marlon Brown,Dental Professional,Patient-First Care,Patient-First Care"
"Matthew Simko,""Director, Brand Marketing"",Dental Marketing,Dental Marketing"
"Michael Acierno,""President and Chief Medical Officer, DecisionOne Dental Partners"",Practice Management,Practice Management"
"Michael Beschloss,Presidential Historian & Leadership Expert,""Leadership Lessons, Presidential History, White House Leadership"","
"Michael Wagner,Technical Specialist,MEDENTiKA Systems,MEDENTiKA Systems"
"Michelle Brumfield,DSO Growth Strategist,Competitive Strategy,Competitive Strategy"
"Michelle Flesch,RDH,Dental Coding & Reimbursement,Dental Coding & Reimbursement"
"Michelle Strange,""MSDH, RDH, CDIPC"",Dental Hygiene & Patient Communication,Dental Hygiene & Patient Communication"
"Mike Graham,VP of Sales,""Business Development, Opening Remarks"",Business Development"
"Naoki Hayashi,Dental Technician,Aesthetic Ceramics,Aesthetic Ceramics"
"Natalyn Lewis,Legal & Financial Consultant,Asset Protection & Tax Strategy,Asset Protection & Tax Strategy"
"Nick Murray,Technology Integration Specialist,Dental Technology Implementation,Dental Technology Implementation"
"Nick N. Khalili,""MST, MBA, CM&AA, Chief Financial Officer"",Cornerstone Group,Cornerstone Group"
"Paul Kim,Specialty Integration Expert,Multi-Specialty Practice Management,Multi-Specialty Practice Management"
"Peter Swenson,Chief Executive Officer,Dental Management,Dental Management"
"Prof. Anton Sculean,""DMD, PhD"",Periodontology,Periodontology"
"Prof. Frank Schwarz,DDS,Oral Surgery & Implantology,Oral Surgery & Implantology"
"Prof. Lior Shapira,Professor,Periodontology & International Research,Periodontology & International Research"
"Prof. Mariano Sanz,""MD, DDS, PhD"",Periodontology,Periodontology"
"Prof. Nikolaos Donos,PhD,Periodontology & Implant Dentistry,Periodontology & Implant Dentistry"
"Prof. Tord Berglundh,""DDS, PhD"",Periodontology & Implantology,Periodontology & Implantology"
"Prof. Wim Teughels,""DDS, PhD"",Periodontology & Oral Microbiology,Periodontology & Oral Microbiology"
"Rafael  Pinzon Corral ,dds,Implant Dentistry,Implant Dentistry"
"Raffi Aghvinian,""CDT, Digital Innovation Leader"",3D Printing and Automation,3D Printing and Automation"
"Rashed Din,Specialty Area Manager,DSO Specialty Management,DSO Specialty Management"
"Ray Caruso,DSO Partnership Expert,Dental Practice Partnerships,Dental Practice Partnerships"
"Robyn Gannaway,Sales Consultant,Business Development,Business Development"
"Rose House,""Regional Director, Operations, Illinois, P1 Dental Partners"",Practice Management,Practice Management"
"Sabrina Sennett,Leadership Development Specialist,Driving Practice Success,Driving Practice Success"
"Sam Alawie,""Master Dental Technician & Co-Founder, Beverly Hills Dental Laboratory"",""Dental Laboratory Technology, Crown and Bridge Techniques, Aesthetic Prosthetics, Digital Workflows, Clinical Communications"",""Dental Laboratory Technology, Prosthodontics, Aesthetic Dentistry"""
"Sarah Cottingham,""Chief Operating Officer, Dental Design Studios"",Dental Hygiene,Dental Hygiene"
"Sarah Cottingham, RDH,Registered Dental Hygienist,Dental Leadership,Dental Leadership"
"Shannon B. Williams,Workforce Development Expert,""Workforce Training, Staff Retention, Healthcare Leadership"","
"Slahedinne Zidi,VP Marketing & Education - Straumann Group,""Digital Transformation, Global Market Expansion, Dental Education, Industry Leadership, Healthcare Innovation"",""Industry Leadership, Digital Transformation, Global Strategy"""
"Sodabeh Etminan,""DMD, MPH, Senior Director"",""Oral Health, University of Illinois Mile Square Health Center"",""Oral Health, University of Illinois Mile Square Health Center"""
"Stacia Edmond,Dental Professional,Diversity Leadership,Diversity Leadership"
"Stacy Feffer-Farley,""Co-Founder, Full Arch Sales Academy & Case Acceptance Expert"",""Full-Arch Case Acceptance, Dental Sales Training, Treatment Coordination, Patient Communication, Practice Revenue Growth"",""Practice Management, Sales Training, Full-Arch Dentistry"""
"Stef Simich,DSO Transformation Expert,DSO Evolution Strategy,DSO Evolution Strategy"
"Stephen Floe,Practice Evaluation Expert,Dental Practice Assessment,Dental Practice Assessment"
"Sundeep Rawal,""SVP, Implant Support Services"",Dental Leadership,Dental Leadership"
"Suzie Ramos,DSO Development Consultant,DSO Strategy,DSO Strategy"
"Terri Bradley, CPC,Medical Coding Expert,""Medical Coding, Beyond the Basics Coding, Healthcare Billing"","
"Test User,Senior Surgeon,Oral Surgery,Oral Surgery"
"Tiffany Dufu,Leadership Expert,Executive Leadership & Personal Development,Executive Leadership & Personal Development"
"Tracy Butler,Orthodontist & Same-Day Treatment Specialist,""Orthodontics, Same-Day Braces, Invisalign, Adult Orthodontics, Contemporary Treatments"",""Orthodontics, Same-Day Treatment"""
"Trevor Maurer,Dental Leadership Coach,Leadership Excellence,Leadership Excellence"
"Troy Aikman,""Pro Football Hall of Fame Quarterback, Emmy-nominated Broadcaster, and Voice of ESPN's Monday Night Football"",Celebrity Keynote,Celebrity Keynote"
"Wayne Silverman,""DDS, Chief Dental Officer, Collective Care Dental"",Dental Insurance and Payer Relations,Dental Insurance and Payer Relations"
